금액,이용횟수
2683380,72
499360,11
64176,10
885833,11
0,0
37630,1
586020,3
513600,17
342436,11
2795390,22
1335570,44
3438861,51
1835655,54
1605525,49
2055109,43
2268571,54
1754431,43
3125536,54
2149806,67
2150320,55
1781285,45
1612287,47
1031637,20
4657390,24
3933821,42
464604,12
1150382,10
108860,4
0,0
224790,3
148640,5
213026,9
548504,11
681654,18
1536436,30
7458042,57
3537285,67
2632252,49
5560151,60
3501278,62
5960033,70
4801929,76
6968309,88
5798281,54
1942877,45
2434784,39
1401053,32
1232681,29
2413366,47
1103790,14
367610,9
273480,5
0,0
85980,2
405040,2
157294,8
1108494,16
612475,17
1973068,35
3115788,42
1533012,45
15993276,58
2646430,55
3054704,45
4142726,73
3366482,86
2384590,56
2614295,63
2956340,67
2099566,43
2157661,48
2799946,42
2063855,35
795367,12
490920,12
364471,9
146380,3
109620,4
113379,4
877824,20
842843,19
2279324,38
23569328,40
9534757,74
5239006,96
8156939,54
5091125,69
7002330,62
3126092,67
4289815,66
2489404,75
2841433,68
6525375,55
2777780,58
3476087,49
3581945,52
1744437,37
684619,25
483800,7
29475,3
8010,1
238520,6
161810,4
417120,10
2277396,32
3010710,27
960322,24
1493062,45
2248993,62
3199180,75
1895207,29
3430475,43
2747637,48
2044923,64
2150486,62
1909079,49
2073347,52
1734059,43
1547242,38
926064,26
2029264,23
314025,7
236398,6
84026,2
44780,2
50680,1
100220,2
252122,12
763113,22
5919531,29
6762134,44
2600210,68
2517264,62
2030942,58
1543014,40
1618576,38
1200424,36
3804690,61
2572523,70
2662246,62
2606655,39
2299805,35
1200089,34
1255439,21
554444,16
646580,12
167316,5
283098,6
561314,8
542258,5
161146,6
544589,15
358440,12
958017,29
1187312,29
3018209,50
7600310,63
2018316,53
3336087,44
2414702,52
2223641,56
1784328,56
1738682,67
2003193,57
2131416,50
1567164,33
1857987,38
1800819,32
947080,19
742170,13
151410,3
189010,3
244520,3
0,0
86602,2
349970,12
863090,16
717104,22
2446658,38
2224777,57
5564042,83
4960864,65
8686963,65
3348074,73
5501228,55
6163026,70
4092800,78
2648136,67
2059319,56
1102706,36
1921156,30
1859089,35
1948019,24
282492,6
346820,8
0,0
167576,3
55860,2
65900,1
73350,8
568996,9
1244547,21
1923884,40
3667429,63
8857336,59
3883478,60
9535481,66
3870641,71
6230419,79
4108903,80
12643285,71
2165776,54
3102670,55
2558472,36
1880907,37
3102497,28
1437255,28
935842,17
121962,4
143040,2
75020,4
151330,5
12900,2
80390,10
195410,6
775416,23
1629073,39
2860058,36
2737729,64
2360632,72
2632177,69
3310249,68
3508500,51
4042966,55
8580000,56
3218247,44
5544863,47
2344824,40
1542797,34
1524831,26
1345762,20
1644550,20
225030,8
97280,4
129170,3
188300,4
531320,6
510962,12
863328,23
862379,25
662493,29
2465090,53
1794776,67
1525778,52
1520290,43
3330699,80
2173238,55
2146796,59
2953988,60
2201572,48
4249713,57
2914627,44
1282287,32
677160,24
1320893,21
625768,9
169315,5
89510,2
38740,2
74330,1
171510,6
285410,11
1256459,25
22555481,33
1736175,45
2538675,51
2546224,72
2625540,59
1663146,43
2956133,51
2243506,52
2344821,58
3491117,74
2572883,57
1416512,53
1649649,40
655545,25
2314166,29
1345982,23
729754,12
180250,3
88272,2
63800,2
272750,4
18910,1
323106,13
522330,23
2108538,38
6756807,39
6511205,66
1988358,66
6830200,68
2678960,62
2352420,58
4645463,59
3777479,58
3461900,72
2988867,60
2296870,47
3642318,41
1306780,35
2277751,34
1335238,20
326750,4
81300,3
79873,3
161790,4
32170,1
448260,4
390430,21
496979,17
1831650,26
3301149,45
2851013,58
2876164,72
3857224,68
3045666,47
1810488,43
2960304,52
1980234,60
2443496,78
1422040,47
1297693,37
1214954,33
2447748,37
1112987,16
555753,8
683024,16
149930,5
125640,3
2100,1
209160,4
388330,3
714600,14
649230,22
2473741,26
2121068,48
2105221,54
8704795,82
2776465,50
1463250,45
3057112,62
1840147,49
3473756,61
1590011,56
2686515,66
2225272,64
2168997,47
1676479,24
1808160,32
518763,10
275957,8
385721,10
19800,1
0,0
101500,4
143600,2
224600,12
428354,12
1203120,20
911214,25
1604554,50
3294520,68
4294852,64
10007570,77
3286264,73
4498170,71
6026264,98
4327653,77
18390817,68
2032432,56
1650220,29
2361525,37
927197,30
817020,21
650695,16
215850,4
61170,3
515520,5
86877,2
50260,2
360880,7
738355,11
1157189,24
1820372,34
2453568,58
1252274,42
5240355,59
3689668,54
12101693,55
4457571,73
3361774,68
4327817,69
4244410,50
2168682,52
2639146,44
3184260,38
1482447,33
1727820,28
196263,8
357916,8
83980,3
152410,4
170000,1
98150,3
145330,13
587446,17
1206018,22
1442647,116
2718210,122
3463976,114
1578381,73
4735751,102
2416846,64
3964551,66
2854073,74
5684593,74
2138669,66
1765559,53
1217904,37
2404102,39
1264311,29
721598,15
714681,12
82090,2
6450,1
62064,3
29184,2
242770,4
476251,15
873053,21
1123378,31
3045321,106
2261356,109
2454273,111
1728825,54
2538345,61
2331462,88
1838793,63
2331975,68
4185433,66
2327770,60
1705789,55
1801190,39
2343424,48
809182,23
711668,22
398980,11
984850,5
94520,2
2000,1
221860,4
52150,3
505930,14
868975,20
5943943,28
1084363,90
2826058,123
2539661,119
1751446,66
1976933,51
3795352,97
1826539,70
1605261,58
4054732,78
4576232,51
2364518,52
2230020,41
3265792,38
2645269,33
748263,19
324566,10
102800,4
99170,2
151829,4
22760,3
154720,2
584493,15
542648,16
912029,25
2048998,112
2010702,102
2397000,121
2945869,74
1097179,55
2522593,57
3097908,62
1145448,48
3981074,74
2161934,61
1922163,53
2263654,36
1093317,33
2788401,43
749150,17
1505611,20
76781,4
697357,9
176075,3
16885,1
470010,6
348646,11
930891,15
1458267,23
6476448,101
1434348,68
2138904,117
1645040,61
2353646,63
2938836,72
6032952,91
1097823,64
2551938,70
2678205,57
2373880,66
1949737,46
1268887,41
2800958,28
2696764,14
75406,4
139806,4
100880,3
120870,1
18230,2
0,0
461144,11
619620,11
1427371,22
1224807,39
1823525,54
24571099,73
5113196,72
3686372,60
6209160,71
3863547,70
4680868,94
6565386,106
2161933,67
2350728,58
1467445,30
5483423,27
1836084,33
1140096,23
533480,11
420280,5
76078,2
25530,2
0,0
150857,4
569570,15
304468,11
981120,15
1562680,32
2613190,37
5702756,52
3350846,55
2333929,62
2297925,56
3024225,57
3224198,53
3677789,62
2204863,44
2013417,56
2552697,54
1579992,32
2188665,41
1819822,35
993426,15
341299,5
64610,1
43120,1
101000,2
81680,4
1057260,14
486085,21
580440,23
1794586,34
4431397,50
2679706,70
2875833,57
2568983,44
952947,47
3158093,65
3629682,49
3182310,65
2514590,66
1948521,58
2144479,46
2525452,40
1464791,31
1679594,32
838630,10
347530,6
263200,3
648140,2
0,0
879745,4
312290,9
1299310,20
1231609,23
1840358,31
3245198,62
2181722,76
4300238,63
2564767,48
2140962,56
3213137,51
2950490,49
4432147,64
3933048,65
1981080,54
1712214,36
1308706,38
2353073,49
952900,12
1473478,19
710381,13
581680,4
77500,3
142370,4
164240,4
408610,12
688228,24
3179650,30
3690416,37
2714979,57
2570707,66
2144045,55
2205654,50
2702559,50
1481551,45
2672814,59
6632351,73
1991480,60
2840947,54
910871,30
1183781,37
1912685,38
1018354,21
1214413,17
210960,5
65293,3
69920,1
1500,1
26810,2
670107,23
768930,14
1164238,27
864159,30
1975560,48
1143160,49
1835122,53
1977607,50
2076988,51
2117222,45
6891522,59
1575780,43
2445130,66
1571646,48
2755629,35
1538710,22
1744081,34
877162,16
2286752,7
65710,4
48470,3
0,0
0,0
34200,1
717152,16
527103,11
1182538,23
2732197,45
2580020,58
15623688,51
5313184,58
2412700,48
2217310,55
2431300,58
4741101,71
1955170,69
2307571,68
2172338,56
2433525,38
829265,23
1202212,24
2085695,28
239500,5
69550,3
340250,7
0,0
0,0
17010,1
757991,12
418750,7
1888408,25
1801069,38
2749112,56
2806018,63
2545355,55
6061170,82
4640415,81
4648822,74
6531932,70
3732928,80
3947303,58
3853138,52
1861991,38
2109211,36
930594,21
697485,12
846703,19
257700,6
219948,4
148060,5
98143,2
330550,3
100490,9
249037,8
1213235,18
2486020,45
3748629,64
3720463,75
6367939,70
17365803,54
4595802,63
5379983,75
3830596,78
2730370,70
4178202,71
3221198,54
2015834,46
1581675,32
1783441,35
7232675,101
3251710,45
726440,15
656394,5
250950,5
149582,4
805034,12
874947,32
1545176,31
2486743,47
3679175,55
6981570,69
24941697,86
4235434,84
3367979,60
7573473,56
3402505,78
4181405,74
2536887,58
2910292,80
5872851,75
4943927,78
3493749,69
5883070,75
1861896,34
1044990,12
377834,6
85830,2
12030,2
104920,3
107280,6
524153,16
1018169,27
2210289,31
1441069,40
2390833,60
2995800,67
3092783,61
3452552,65
5434338,55
3148290,45
2295060,49
2208530,73
2849336,63
2752671,50
3508345,53
5045684,48
1855344,34
2754157,28
746325,14
314324,9
23159,1
532485,5
74418,4
242062,8
522330,12
1304185,36
1187774,34
1958809,36
2227086,51
6477288,77
10682787,77
3211084,47
2429708,46
2382612,44
3304879,63
2636936,79
1878274,58
3193499,66
6273078,50
2165154,38
2929340,39
1233570,20
1104288,19
262770,7
185500,3
107919,3
353210,5
241184,4
569389,20
1295915,24
871747,34
1591131,42
4431596,64
2410409,60
1951697,58
2038912,52
4038117,45
3233903,42
2399888,66
2789070,54
3312425,79
2247419,54
1472453,37
2139664,42
2634251,28
1677662,35
400290,13
150290,3
224810,6
218010,4
131440,3
458330,12
154057,12
1098941,35
1672327,40
10556261,55
2734501,56
6209906,84
2391947,84
3660163,49
4461599,69
3104802,57
4473577,67
3085741,65
1967046,58
1995544,56
1152574,37
1387164,30
1370307,22
960133,22
362193,10
203073,5
202997,6
0,0
228600,2
15850,1
338630,13
310172,13
2028166,22
1675900,42
2496610,56
2944878,72
30903485,74
2640440,73
4472276,61
6364955,73
2877327,71
3464179,75
1645495,42
3880077,60
1075178,29
1401264,25
2928883,34
852944,21
1588740,20
2158830,6
284647,4
0,0
35920,2
0,0
264240,13
856588,14
1108724,22
1764271,30
2690110,41
2009135,60
4361281,75
4136159,80
7122410,72
4470160,77
4974280,82
2707696,72
2541017,66
1958950,43
1997794,40
1640111,36
2702334,39
796078,13
867055,16
3105993,30
78160,1
129655,5
71600,2
0,0
419630,15
854035,25
1271604,30
2847332,113
4183651,121
1730018,100
2919040,80
3428577,51
1563785,54
2420188,90
4049159,70
2862179,61
3485216,66
3111664,48
1676808,32
2017270,41
1609807,39
1904080,12
805183,17
287512,6
7580,2
107250,1
32280,4
342539,3
224964,14
883951,32
948411,26
1271726,44
2160753,52
2620597,75
2469842,61
1776275,40
3831886,80
2472893,63
1631714,40
4184574,58
1978204,44
1672310,43
2498045,47
882100,27
2576230,36
1226747,26
620832,12
321620,7
155000,3
175770,2
166020,4
212212,8
357270,13
604865,19
1705815,36
1675430,47
23219495,93
6889401,80
2702606,68
1608898,53
2814505,58
3310105,75
3100346,83
5290331,83
4706806,71
3219211,55
809827,28
1505461,33
1328868,30
575236,18
382846,12
195310,8
100,1
70100,3
15920,1
145674,3
183034,8
293000,9
745848,17
1689659,40
5397658,40
2060790,50
2587221,49
3020765,54
1675358,50
2143422,50
1953830,46
2014342,69
1901155,38
1870383,44
2585203,33
720859,30
1956992,20
996920,14
294882,8
266970,8
151570,2
200,2
101600,1
31530,2
94755,8
226820,9
218000,5
899326,21
654082,22
679920,28
1308026,42
1042809,37
1945153,41
968800,26
1625780,37
1598944,35
1033301,33
1173960,44
888770,28
1745828,26
931194,24
1411954,23
471100,8
0,0
176500,1
31570,2
66490,1
111420,4
334867,11
267121,7
904370,10
1300699,31
6967414,60
2327608,58
2303545,59
2421896,61
7767371,77
8525857,80
3648727,77
7013966,69
2721778,69
2640569,63
1555866,34
1102703,25
838786,21
198808,8
1109937,12
20500,1
267180,5
105500,1
70260,1
0,0
145010,10
152080,8
1272596,21
1474069,34
2802876,53
1501569,52
3922096,66
2942240,51
4772316,62
4458007,69
6761237,80
4163412,70
2166222,69
5060750,41
1509780,32
1256530,34
2360168,33
1698370,13
608851,13
237620,4
153706,2
129570,5
178530,3
59000,2
207775,11
606381,20
1497554,25
968410,37
6589663,58
3752480,79
7329601,61
3343037,47
2039661,64
2553545,55
2672082,42
3336319,73
2058266,49
2064144,48
1624848,39
3462959,48
1467515,28
1092708,23
2197005,13
186240,4
58400,5
94590,2
0,0
215110,4
189943,17
396476,13
2750904,31
2151912,39
9633320,59
3119554,94
1564192,56
2081208,52
918926,40
2347931,55
3946924,51
1365407,46
1605006,73
1653939,54
1751214,37
3147792,29
2157772,38
1022180,20
557442,18
309946,4
133503,4
149440,2
108240,2
252011,4
537272,15
838954,32
975200,23
1342966,48
5013926,65
2862692,88
1701121,56
2317090,53
2708055,56
1548475,37
7737645,57
9053540,58
2451514,57
1726350,47
1300476,35
1845329,45
1030079,24
1148847,19
944444,17
45490,2
120040,2
61890,2
3600,1
114408,3
624690,13
391367,21
1835849,31
1666004,50
2312345,71
2013970,74
3789285,70
1849447,52
922235,35
1936341,53
2050936,58
3499655,73
1539912,65
1747078,50
2017428,50
1222755,40
731895,25
1536522,25
613545,9
67840,2
174850,5
53426,1
3800,1
170990,4
665061,13
734191,21
1211150,34
2864910,36
9406255,76
6496959,93
4858309,65
3556660,55
4431460,63
6390400,67
3309905,56
4515980,108
2997010,68
2020325,47
1507740,42
1125670,29
1496622,32
2476690,17
1027602,17
115640,2
32182,2
406760,2
0,0
28810,2
677978,18
446119,12
1649136,29
1154843,35
2565236,54
15786321,86
2539866,69
4845811,79
5763981,94
4292930,76
8939668,76
8655929,72
14278440,75
19082473,60
3632394,48
2501129,33
3863255,43
776778,19
1796630,16
455931,6
262260,6
197890,1
162000,3
206800,6
404435,12
810380,11
634334,18
690380,24
1931726,52
2511145,61
8088140,57
3253153,56
6591912,53
5027270,57
7203058,85
3946308,85
3045792,57
1839697,46
2493481,52
1898274,40
779360,22
1605799,29
204280,9
308085,7
553925,3
11710,1
140715,4
0,0
97104,5
1500356,18
918472,17
749068,69
2167997,111
5257750,114
2003047,86
4155987,98
2206215,75
1944386,63
1132595,53
1559690,77
1934140,64
2914924,52
2149123,49
1223229,35
1703104,41
816940,27
440319,12
256135,7
121260,5
170684,5
61610,3
40400,5
179410,14
612028,20
6201974,30
1363362,41
1831536,66
3213750,74
2100766,65
2444429,56
4450739,52
1280443,46
1485690,51
1362340,59
2456927,77
2293734,54
2391318,41
932101,37
1004987,26
1137362,18
298741,5
81299,3
100,1
28460,1
80610,3
88416,8
418739,16
1463858,29
1046977,27
3345051,63
8533218,69
2259872,61
1430496,52
2072850,46
1998568,64
1449181,47
1682155,49
2399334,73
3602229,51
1875284,49
1543515,42
2165239,45
1165476,36
662053,16
336210,8
768388,5
0,0
89472,3
77550,1
119040,6
78600,7
854476,27
2146660,28
1555255,30
3781520,71
2523035,82
6747818,43
968880,35
2243048,62
1163366,44
1745984,55
1850362,68
11572702,66
1941350,65
993838,27
1058220,25
1296287,28
500427,15
337456,11
708510,7
208900,2
0,0
170731,4
52300,1
472224,11
728855,22
2099720,26
1548135,44
2377370,68
4221139,77
2285870,61
3966837,60
2475352,53
1709679,57
2501522,62
2028536,78
2139330,61
1923723,54
2706989,44
830502,28
1296438,22
622820,13
479229,10
174804,6
40880,1
86480,2
102380,3
94285,3
371622,12
826323,14
1582262,19
1755224,30
2834205,50
1196358,54
2384709,60
4035792,77
15191227,58
8817138,88
8964821,91
4554697,78
4343064,59
2831481,61
1775965,57
1670101,27
1077223,26
957880,13
225540,10
276546,8
0,0
52900,1
248970,2
0,0
169185,20
1790280,12
1370729,23
1250887,29
4997795,43
1477173,41
6616900,49
1954268,57
4140647,48
3701100,67
5230124,74
3350351,60
3618466,75
4436494,51
1283741,37
1779900,33
2392504,71
1642733,68
1439669,31
245136,11
184080,3
172570,4
54010,2
8080,1
288690,15
653779,22
537898,17
2637207,50
4557027,73
3541760,75
5305540,82
3373380,74
8218269,71
3527692,88
4365544,83
3926776,82
2158566,61
2535230,52
3151292,51
2604213,51
2998941,41
1285686,35
1043890,11
427830,8
76000,3
121250,2
291510,2
1300950,5
1126826,14
1036369,27
943620,23
935912,39
13769298,58
2130367,63
2340423,52
1543927,45
1144721,39
1095739,35
1654230,39
2102975,66
6771262,74
2024422,38
2544080,54
1923080,43
1867294,31
3148213,28
583855,11
72220,2
25016,1
114350,2
355437,4
1454210,9
743590,11
901758,18
2264300,38
3005785,42
1496010,40
2755872,80
2126096,57
2535702,54
1073222,33
2450004,48
2682168,45
9614204,57
1755607,45
2217381,58
2770648,51
3267346,56
3468764,32
1512243,14
1549411,17
37960,3
168740,4
26924,1
9900,1
399515,5
517891,15
1420404,20
1525559,22
1262269,33
22446384,58
3191350,68
1800351,49
1677771,39
1331731,43
1377777,45
6419653,44
2419021,60
2049266,60
1996138,47
2515245,48
1580947,39
1369373,28
1688281,21
272540,5
172260,4
62950,3
0,0
0,0
253430,6
486509,18
552775,19
679493,26
1152393,43
9471697,68
7952972,77
3313572,66
2492749,69
3246121,63
2490150,49
10766883,58
6289682,80
2637669,55
1613560,48
1995862,44
1958269,46
1948372,36
611990,15
1355490,14
79220,2
121090,2
333315,3
26000,2
136140,2
371421,12
1349409,19
1027217,17
2894416,35
4198010,72
4775216,63
2861962,78
7115367,67
2562800,66
9347470,66
19530988,96
5878160,84
3822196,69
1898805,40
2306043,52
3420463,37
806839,17
2220058,24
657550,7
423620,5
79070,2
16900,1
168890,2
128320,3
299385,12
765065,16
1576884,27
2275534,40
2977942,74
2391866,62
8269964,71
3688550,61
7137690,75
2712167,73
3724969,72
3815269,76
2013869,52
1649204,53
3784650,55
1327330,35
1786768,32
3450878,37
1123760,16
705094,9
382911,7
367920,3
168660,5
245060,5
965545,21
2167478,24
1624488,35
2356458,64
1584751,58
7668585,96
2726541,103
1884157,147
3727263,79
2776931,72
3176269,82
2200869,71
1947864,57
7274225,76
3268082,79
4423826,57
5683282,74
727910,15
333020,10
104230,4
120860,2
118540,2
21520,2
49900,2
316390,22
1268760,23
1371771,27
1980519,52
1963461,54
6322622,80
7083586,58
4118931,49
2037781,47
3164045,64
1399710,45
2032490,61
2393101,57
1464278,43
1466956,41
2133923,44
2226040,28
824277,19
147442,4
4770,1
143653,2
142490,1
79430,3
395127,10
226850,11
922301,23
1694740,32
1712355,46
2267877,64
2516756,65
1164727,50
1852134,61
2066455,66
2253270,54
2398707,64
2958067,61
2223706,51
5111362,43
1306929,41
1386462,27
2570251,24
1445101,14
427370,12
312940,8
159350,3
228219,4
81504,2
143410,3
2172420,25
560213,29
1164170,40
1531642,34
2953297,86
3022003,81
2119503,50
1748147,48
2722398,83
3511440,70
1734922,61
3506080,88
1775620,63
1455546,44
1690795,47
2589829,36
1450788,35
792970,20
295664,6
279040,8
72700,1
0,0
59100,2
113950,2
152637,10
581770,20
6725989,43
6910090,45
4082677,74
6563627,79
1947620,59
1785630,55
1670349,60
2328006,62
13261429,75
2973980,77
3508061,78
3496833,55
1449557,27
1597415,47
1245059,27
797857,19
58470,4
208550,5
5000,1
3200,1
86680,3
0,0
194450,8
712977,12
2278379,31
2252790,45
1853090,50
3637465,67
5720580,78
2810835,49
6086408,74
4384494,80
4776194,85
3918598,73
4063650,59
3662407,55
4893095,44
1880172,41
887561,20
791978,16
210011,5
292990,4
34020,1
63320,2
48020,2
163320,4
201868,13
704460,13
504645,12
1649472,39
8289940,66
4156455,74
12767153,64
5907120,63
2956959,59
6126362,86
4731633,72
7965221,76
2935159,64
1282540,36
3685407,42
2249376,40
1968824,39
824760,26
719819,11
66153,7
41500,3
26303,1
145330,3
82990,4
1703080,16
764385,20
1082595,27
1196404,41
2270640,67
1349578,52
3205365,67
3243239,56
3219758,50
1339180,61
12663787,80
4314912,66
6003975,76
3989531,63
2350868,52
7925332,51
1534770,31
3053079,25
612217,8
399642,7
167425,3
26600,2
0,0
266368,3
1217247,29
1451308,27
3952307,44
2222593,42
1849431,53
1767666,59
15718809,52
2045378,54
1559927,48
2685246,49
1585437,58
3064247,71
3596045,49
3568630,46
1907382,40
4220139,48
3146196,43
1664105,33
1256825,15
995602,7
182670,4
52890,2
49390,1
473080,8
1185080,18
1424342,26
1360821,49
3881993,32
2565703,56
1817304,66
1987810,49
3038029,57
2561818,62
1184079,54
1906520,61
1620976,56
1824003,65
3296378,51
2802150,39
3072720,63
2458898,43
985110,19
177670,5
158500,5
71600,2
71230,2
92830,5
74143,4
1634393,26
1665301,36
1499266,27
2729180,44
12768643,62
2257360,81
20102916,72
4774137,58
11483463,63
1906383,46
1371474,45
4432671,66
2758661,52
1772244,45
956754,26
3823033,50
2052226,35
4557497,23
274324,5
396870,7
127310,4
118000,1
163130,3
375461,8
616302,21
1235183,23
1105511,32
2013976,42
6720919,59
2737709,78
3602918,64
1586234,44
14373770,84
1785479,53
2553206,66
2392331,62
3308605,59
2289774,69
2113308,48
1754699,39
808133,20
625570,16
342461,10
654174,6
162460,3
56383,1
0,0
146366,5
368311,13
603074,18
1026787,23
4207811,42
1931573,48
3852494,74
5270121,79
5799377,85
6131448,89
14030933,87
4710582,76
10953744,72
2635119,56
16434271,62
2122854,52
1593444,47
1659501,34
1110586,19
325740,11
253195,7
63810,1
36000,1
21660,1
696390,5
166407,12
696620,14
367419,15
2412026,43
1791347,63
8416517,63
2921602,71
6526524,68
2241748,67
8100376,89
5359529,93
3300033,85
4320710,70
2537529,51
2026718,39
4390581,52
1734512,34
1368308,24
1641534,16
214020,6
0,0
125380,2
22800,1
14900,1
616126,16
1090295,17
1043700,40
1534130,64
1261021,53
1957540,84
1943210,108
2454854,90
1780919,83
1676848,71
2037500,73
2153152,77
2246384,55
1570882,59
1158244,45
1194798,48
997289,32
880253,35
231727,12
241186,11
87589,5
238243,4
0,0
241664,6
290321,16
909059,30
2285108,48
2822577,50
13496606,64
3008718,75
5055764,46
8717847,43
1805058,57
2136766,57
1158180,53
2112381,73
2826480,73
1235663,44
1061207,37
1848538,50
1052291,31
1531799,31
1002428,15
161700,6
113000,3
200,2
432380,3
192269,10
502011,23
705985,19
2487359,56
2928669,43
4405773,78
2434311,84
1448878,65
2404666,60
4673543,86
3061267,54
1579651,50
1837403,66
2719514,62
2148702,61
1906250,38
2578218,44
1935922,47
1009789,27
196299,9
115560,3
201130,3
62669,6
82203,4
240690,8
693790,17
1035351,25
1655003,35
2224789,51
9654973,55
1006924,58
4784973,58
2143497,50
2630975,38
2596730,60
2031950,59
2623653,54
1354598,43
1928977,57
2040538,54
3392296,46
1067400,34
667093,13
902525,11
119290,4
107490,3
87320,1
356504,3
134010,5
493689,18
1021140,24
1520157,28
1391815,35
2779395,65
3583682,62
6548032,72
2667115,50
9015024,63
1693068,46
3866782,64
7306333,80
2873584,60
1622488,65
1516445,38
1781809,45
1487869,32
851995,22
504011,13
105180,5
275021,5
129480,4
59913,2
137270,6
311290,13
850261,16
2655198,30
4238589,56
5077776,44
14394959,88
10199534,80
3618883,64
9032823,77
6064413,77
8355139,85
3470491,71
4692770,76
2340240,65
1588530,39
1088192,25
2455186,25
712276,20
1363192,10
29490,1
10260,1
0,0
25900,1
196835,1
553009,19
365628,10
605087,20
1603936,24
2866348,41
7670242,53
7317086,62
3814666,59
6365460,84
2784454,57
2247157,59
2274599,55
2972602,69
3200262,50
1251136,33
2478080,43
4212033,47
671422,16
416387,13
463251,5
56550,7
0,0
70680,2
346290,5
458186,17
1029239,28
770951,19
1519502,52
2012177,55
4967622,61
3269655,53
2726132,58
1483997,50
1178022,41
7019171,57
2835047,74
1230742,45
1588054,56
1221723,34
1901690,49
736287,20
455937,13
98070,3
97521,4
190565,4
33373,2
36310,1
43760,2
1590933,15
877974,20
1889715,23
1430946,28
4357250,61
9725284,79
2390221,63
4535030,57
2876534,57
2018668,35
1807959,35
1457600,61
2736845,55
3133043,64
1459967,38
2389689,43
1485977,33
797640,13
324130,8
85200,3
75490,3
34060,2
2087600,5
287356,3
481441,14
4900207,23
1616730,34
4369756,31
1468300,48
2064047,77
2302650,52
2543338,62
2423591,68
2829905,51
2315762,61
2467129,68
2146742,75
2265695,57
1858931,47
2086042,44
2182023,39
4056499,73
974556,14
237075,11
48880,2
87450,2
322501,5
386309,4
1217723,34
2377248,35
1356108,39
1447278,38
2528510,65
2347921,70
4243512,70
3442810,64
3924508,61
2425458,39
2959384,70
5342170,78
1783160,55
2112580,54
3093122,48
3605145,45
1837950,42
2942100,37
604070,18
216128,3
96900,4
177930,3
985680,10
293350,5
2086264,27
1967300,33
3576052,40
7219223,48
6299555,72
12464972,96
4748404,65
5003451,57
1626629,62
7867570,63
6253514,57
10705156,99
2725357,74
2608636,57
3270636,59
1886443,39
1329513,31
559590,13
741810,14
195890,3
145120,8
0,0
0,0
223560,6
521960,9
1436025,16
1137370,17
2564099,46
2433894,56
3588443,77
3538685,75
5046510,77
15305853,92
5165985,91
6127753,87
5384863,83
3199718,82
2925693,59
3828519,49
1799594,43
883929,18
929521,21
720238,12
421630,4
298680,8
196560,4
290216,6
235430,5
317700,14
618720,16
1152378,27
1208648,41
3176027,60
2665772,55
2631980,84
2608274,71
3024617,68
7162235,74
4539572,90
5634530,85
4757969,64
2892102,57
1934318,53
2853464,69
2512916,53
2051052,34
1147622,20
250250,3
105830,2
135200,4
580800,4
164038,5
595470,18
1531057,31
2206429,43
4497595,64
2969075,75
3143076,84
2469503,78
2395430,60
2503593,52
8353835,80
2111922,52
2633996,79
3044233,74
3181444,59
8936212,72
2793320,68
2555312,57
2134201,21
931547,14
77850,2
251000,2
0,0
55540,3
213960,5
782015,20
2994840,31
1114175,28
3198517,55
12842142,63
2585500,66
3344330,56
4128692,56
2064748,61
5269059,59
1913302,48
2678894,64
2140868,70
3190034,59
1250600,44
6261355,55
2816479,33
1086515,19
591004,8
368650,9
109990,3
79725,4
113580,2
1010710,8
1039300,22
1271183,26
1256451,36
2197817,44
2489211,61
7981548,78
1733169,61
1485578,45
2822135,47
2763493,56
2650788,54
2601014,50
2581913,63
2479540,48
1229888,43
2825037,36
1990856,42
190690,9
400790,9
200220,7
127820,2
27000,1
165496,4
267000,11
310564,15
418020,19
2264513,28
2471306,51
1757203,53
1807650,88
4179495,66
1954724,66
2282848,56
2235240,65
2327820,54
1868580,64
1856709,59
2681471,59
1666963,51
1340819,37
1444255,31
1024133,21
283090,6
75680,4
125280,3
80381,2
78470,2
237340,5
406330,20
734447,32
1121773,27
1824955,41
26298120,70
5117443,84
8493125,69
2324298,58
5741335,70
2144138,56
5216891,46
6481940,80
4324789,86
3458899,73
1414821,40
1890264,40
6876137,31
630641,17
110090,4
0,0
34650,3
114973,2
30510,2
149140,4
223169,10
415110,12
769902,21
2170892,44
2905611,57
2441251,71
7153907,73
3093743,67
4663288,80
6515975,86
2466928,59
12255510,66
2256356,74
4610467,35
1804669,46
1486030,44
1086140,23
576033,17
2133050,9
102800,4
30590,2
151400,3
122780,5
476030,6
283399,11
1198329,17
810957,28
2583888,35
2862546,59
2296633,53
2812018,61
8717075,56
7995108,85
4670846,72
10079419,63
2987024,62
5946298,79
3584177,50
1642466,43
2184783,42
3068685,48
1373467,27
335580,11
234465,6
281876,6
136730,1
448332,4
28400,3
656650,20
1065079,26
2510600,34
1644209,38
2911064,56
7353104,74
2122350,68
1709263,48
3587412,55
3110044,58
2136166,66
8118422,75
1819205,57
1760582,46
2338248,47
3808159,56
2852272,34
1209410,28
360530,10
445480,9
19470,2
187200,1
312598,6
21950,3
625500,25
705823,31
1001111,23
3364360,30
2156179,59
2332344,67
2142416,61
1747329,41
4497233,55
1845000,59
2409937,67
1796700,70
1326151,67
1242348,37
1941553,59
1881404,43
2356850,36
1492583,26
1435600,13
115200,4
196600,3
150110,5
57690,1
39870,2
566873,18
1447548,42
1816044,34
4793454,73
4916641,65
16634350,90
3085097,54
3011848,52
1893658,61
2197525,76
3180107,69
2008753,62
2005451,70
2291111,53
1590057,55
2302295,54
1466391,37
732289,16
418930,11
22479,1
48010,3
248480,2
1742690,4
145910,4
433558,16
1593610,30
641807,16
1446723,41
1746164,52
2877518,84
1921813,69
4434545,60
2154020,55
7364732,65
1330019,52
3131659,80
2193956,78
1466290,45
2002695,61
2675258,50
1198825,26
926978,22
310164,9
62680,2
76600,3
0,0
21600,2
401010,7
460079,22
1045220,29
1131015,33
1231840,33
3979417,64
5075821,111
4401785,69
1786165,67
2173684,56
7276633,69
6171634,61
3778991,96
3926847,83
3159474,84
1646556,55
931583,35
1507481,39
1041110,25
254360,3
249898,3
240292,5
106700,5
0,0
323890,11
182805,12
664380,14
4436572,49
1647023,46
2737694,64
6199580,96
6099055,100
5486568,65
4582082,71
13646851,107
5560797,90
7104514,96
2465909,64
2469521,54
2027988,58
2055034,48
3152272,35
1258108,22
226769,8
382270,7
130243,2
98983,2
6320,1
139053,3
141480,12
696975,17
592929,22
1708167,44
2592274,69
3192789,74
7565850,87
18347897,95
19240682,80
9057131,84
9154853,92
8514492,88
12905730,76
3051150,50
2692400,56
2644579,49
2151377,44
797878,19
251456,12
423700,5
67100,2
247440,5
7170,1
291535,4
493530,14
456131,19
1053325,32
1332031,44
3514019,68
3140965,72
2587459,62
1268215,39
3301075,67
11274674,52
1812834,44
6826259,63
6727683,61
1845102,51
2600002,64
1833904,46
2650944,38
1467409,26
217763,7
59300,4
95700,2
67060,2
82766,2
27260,2
551585,24
1052593,37
2675352,37
1970630,45
11625730,57
2201350,72
1420825,52
2209030,51
1647650,42
1923360,51
1945552,56
1869355,74
2388322,72
2158084,52
2359088,46
1599656,43
1359611,28
783101,26
3797132,15
156790,5
93830,2
24000,1
1554690,4
128500,4
966142,24
958177,26
1181650,26
4361092,50
1503600,55
1903587,72
1896238,62
3372457,88
1594974,55
2152457,59
1221352,45
5655917,72
1745972,62
1111739,42
1516982,46
3489727,52
2141777,28
566180,17
453872,10
254660,7
146370,3
194068,2
278137,4
0,0
811840,18
1410755,28
1258944,37
2654630,45
14182597,58
2046657,76
1713046,52
4045391,76
1815460,61
4945041,79
3884608,67
2814477,92
1877872,66
2128941,58
1668222,43
1832908,50
1245784,31
1579170,21
805150,11
475350,6
371408,6
32599,2
40810,3
482950,8
386822,12
973340,27
2009487,39
5282932,43
4290847,63
8145348,80
3780973,74
7069534,89
2000880,53
1939457,60
2604279,69
3500825,79
4973524,85
3241439,62
2604149,67
5149985,42
3002948,36
1206225,26
575450,9
802300,3
67700,2
59000,1
8630,1
294310,7
557448,15
1876077,26
4037744,41
2459465,50
4001486,69
18446988,67
3620950,66
3829383,82
4671747,88
10771847,66
9215644,81
14496083,85
4769837,77
2247780,54
1651210,46
1464120,39
1686234,23
609680,14
666025,18
172090,5
97750,1
13900,1
83310,3
108130,3
161850,6
788180,13
392840,14
7545294,33
6545240,45
2408652,62
3286952,74
2452257,39
6300348,70
7179281,60
3957101,63
7552571,79
3334866,75
5769863,48
2102729,40
3417282,53
2753378,53
5685882,34
895703,40
518945,18
254616,11
90662,4
140440,9
405610,20
800890,36
1410236,39
3214214,63
3830182,58
3169426,88
4964480,101
4394702,81
2001801,65
1659037,72
6494730,72
2392420,72
7295870,96
2707381,106
2508002,66
6555458,68
2665639,61
3073745,62
865141,24
431234,17
159539,6
141475,4
197410,3
373330,4
501600,7
817750,29
664109,30
1034657,52
2150239,63
2484180,85
6898185,78
3767797,73
2696612,54
4775057,56
3092941,55
3123501,65
2282428,76
2203243,77
2822178,74
2108868,63
2309069,58
1531438,39
1265830,27
1262166,16
114595,5
138805,5
26690,1
95747,3
173000,6
859240,25
1882080,42
1702152,42
2035637,58
2250573,80
3659147,95
1851430,62
1714109,59
1718408,58
2323102,75
1901945,65
7426560,82
6425403,70
3741394,75
2593723,58
2284666,57
1447470,41
1746100,26
917615,19
679730,13
103400,4
0,0
4800,1
159175,5
686370,21
1065621,38
1315262,46
1272797,36
4267302,74
3492752,81
2847060,68
2973899,57
2229239,42
3653665,57
7304287,92
3384529,72
4507090,104
5636866,104
1934749,44
1869332,40
2633096,64
2271460,22
701694,16
211990,9
53210,3
74300,5
250520,5
590580,10
773805,29
1263417,34
1781677,43
4374042,57
4963647,74
8347188,106
2840765,76
5710952,84
3235661,94
2663969,70
2687828,68
2969994,113
2994332,81
3257103,66
3938049,68
2217418,69
1757394,42
1290220,55
574928,25
1086979,18
94461,3
340805,3
310080,9
77464,2
524860,22
1039981,28
1055653,41
1797817,63
6086144,77
4840836,98
7219366,87
7469307,95
22009214,113
7484379,103
13036832,103
6287462,97
3390640,79
1846275,60
2991922,63
1475166,36
3624743,41
2400297,28
706376,11
519345,13
207764,3
0,0
7800,1
185454,6
853063,21
604470,29
1271780,45
2012720,45
2978010,73
2613738,66
27373967,88
19166148,93
15385218,116
9114100,100
6121698,110
6101679,75
16749268,93
3097163,79
5545947,66
3213543,64
6930525,64
2605976,34
1292800,16
572460,11
4528990,5
164170,1
36100,3
132740,5
865465,32
804158,23
1957895,42
2369153,56
6698908,92
4333886,88
4710720,70
4742413,73
2701014,62
4446055,83
3749840,76
7094448,84
2673622,70
5316891,69
3290126,62
4340982,68
5387017,53
681273,19
132390,4
223280,9
71476,3
765000,1
660000,1
124310,8
1149765,27
498758,23
2412753,37
3471392,43
7891919,78
2676731,91
6103278,72
5063475,72
2571799,85
3974830,54
2093347,59
3112048,82
5520393,75
1939972,68
1908848,57
3983454,49
1128499,30
2289666,25
836855,17
67510,3
71700,3
10000,1
161199,4
240680,8
435780,18
880490,27
1316046,33
2492307,52
5725260,95
29174486,87
3249380,90
9794877,101
14613347,118
9543119,110
7960077,115
4653794,95
3865860,94
4079869,78
6680252,86
3949220,52
1774271,33
926737,18
336220,7
143080,2
0,0
0,0
29615,2
337560,7
559218,27
1023890,25
3234140,30
2013095,47
2195447,50
5301543,86
3270302,73
2829557,62
2629751,75
4289228,70
1558382,58
3243969,98
2219901,72
1596961,48
1596906,63
3381332,52
1695450,36
414734,18
387955,8
198170,6
48550,1
137010,4
0,0
32830,4
488664,20
711975,29
948144,37
14183117,59
12690559,89
8163220,105
3436680,76
6971297,68
3107945,70
11670050,85
6268268,122
19447973,104
12811543,80
1596984,66
2337219,67
2320168,61
5052640,29
414850,24
283763,10
131550,5
44330,4
56790,1
200,2
37580,8
222722,18
1836978,39
2816138,47
1357144,37
2866178,72
9728999,79
15089343,65
7001869,84
14094473,71
7482041,74
5425690,78
4643560,79
3019920,67
2351542,56
2396619,50
1525774,50
1633786,40
2334398,25
325142,8
25750,2
197680,2
0,0
205653,5
217380,5
472720,20
912994,15
1006728,25
1761270,34
24128167,43
2524691,47
5730120,63
4949373,54
4224599,60
5011488,75
11667511,57
4177950,69
5994690,50
7488923,60
2208277,33
1545069,49
2744313,38
2635630,28
1000660,16
521143,9
0,0
109992,4
153640,3
291710,11
277312,15
891359,26
1417090,44
3000884,51
2036081,55
5245433,91
2649296,75
2605430,52
3106240,55
2868836,45
2608783,79
2239505,88
5636095,78
1821137,66
2788759,58
2231723,63
3186062,53
861776,27
1241680,9
677720,6
73570,4
708340,3
201970,5
97680,6
544623,24
1035530,33
2350681,44
2666272,45
2232924,68
6979597,72
1910337,55
3102676,69
1789349,60
4833515,69
1877117,70
2662912,89
2360372,82
3909218,58
7579184,72
2587766,60
1130970,31
1097443,28
593289,15
11980,2
333677,5
83270,3
244006,4
91050,4
1314682,40
2578846,31
2171214,42
2521185,62
2189233,74
2180745,83
2523945,81
4496697,64
1694261,58
3949526,58
1748330,59
3637935,85
2124912,61
2303674,58
1869686,51
2709935,52
2992907,40
1554510,31
313370,11
166492,3
63970,1
57340,2
100600,5
79920,5
440866,22
960503,26
2011264,35
7274460,49
2085058,73
3019494,88
1332415,73
1808710,51
1639030,54
1799860,58
2610088,80
2617021,67
3246224,77
2357526,72
2172042,57
2300567,53
3958335,42
1105970,25
380952,8
459870,4
303443,8
125770,2
106160,3
272227,10
670211,19
914176,37
946550,32
2146771,43
2873223,70
3178168,89
9791452,90
2693199,68
2812138,57
3626938,70
13216485,78
3971693,88
2835130,89
1950094,68
3123606,70
2867661,43
2377992,45
1458960,16
431894,12
1682550,7
78750,3
85607,2
66270,3
115514,7
1381096,13
2286791,31
1583010,35
2089646,49
4859847,79
2939685,75
5045990,77
3632130,75
10710659,71
3727515,83
14644570,106
3015582,77
4681405,74
4203917,81
2093267,46
1674912,54
2101422,35
532263,14
721265,10
1005800,7
78850,5
65660,1
40800,1
85014,2
297655,16
1095461,21
1455391,37
1117231,35
4409382,70
3062049,74
5951038,92
4266766,85
4187344,85
26887290,110
17103145,98
28132327,82
28352974,98
8151913,75
2266715,48
1204713,53
1320987,33
1432886,31
606517,12
1473370,11
1021314,6
1236900,4
177500,1
721780,7
819617,26
1324376,25
1383208,39
4135483,54
21741321,57
2981760,86
4332156,74
1508882,42
3486669,68
3412954,82
2864823,59
4948974,75
1730439,61
2424867,59
1725316,42
1944068,56
3630154,45
1521563,26
793310,6
294820,4
98817,3
66800,2
74080,2
430770,7
179030,14
710132,29
1056115,37
1031217,37
3221365,80
2996875,71
2835617,71
4965089,57
2385327,51
3321536,64
7851714,77
5803826,84
2095771,85
2828873,64
2963924,70
1286189,62
578540,23
1390188,36
303046,9
316260,5
67985,3
71390,2
136850,4
199399,5
602260,21
1889667,21
1231106,24
1402657,51
3720191,69
4801776,84
5032918,106
5323900,122
6871816,82
5977687,88
4352946,85
19114425,101
5060420,71
2714267,62
2434552,46
1696640,48
2580293,55
952831,21
261435,5
281934,7
36270,1
0,0
324647,6
1451640,3
335600,16
588882,24
1746633,29
2279055,72
2998973,63
7130594,74
2313627,61
9193649,70
1941355,45
3215632,82
1508821,65
2841145,71
14907990,62
2320585,59
3705214,61
1836344,45
1847774,32
1160614,27
848590,13
182170,4
99150,4
17780,1
1000,1
101900,4
385008,13
604430,22
1143007,30
2030996,43
2541431,57
8987778,64
3559321,64
8518764,90
5420707,65
2166932,68
6132715,65
3034154,84
3925828,58
2198886,72
2393579,56
4071810,55
1511830,36
756318,19
1109851,10
203600,3
51040,1
35140,3
89647,1
310425,4
419400,19
396670,17
871824,26
1778067,48
3079738,71
2326557,68
7487080,63
14792178,94
7903606,83
7504762,87
6303590,86
3896881,84
6078088,57
2999897,61
1085325,43
1495909,55
1572362,32
794460,22
700879,9
142580,6
34800,2
36010,3
8750,1
217450,4
371330,8
1071041,12
761978,19
1752104,39
1497484,47
3012717,63
9328591,58
9241130,75
6617268,67
3080704,70
5450753,65
5518938,92
4979213,56
1940754,49
3387530,44
2369142,47
2899698,44
1329161,27
2239219,20
264205,6
66190,4
7980,2
29756,2
114700,7
679650,23
399472,30
1545535,41
9361251,54
4918048,66
2749923,76
3713682,56
2087435,36
2157540,62
3382982,63
2303987,65
2330388,68
2772269,64
1639100,54
3257468,59
1847975,46
1882090,35
2247622,29
281400,12
622160,10
234670,2
64200,2
225670,7
177250,2
364490,16
4441558,36
3238942,39
3323298,53
3190586,67
3653720,85
2584495,70
6278782,64
4535254,64
2424975,66
2755080,62
4766204,94
2039921,68
3199894,71
1489789,53
1065295,36
1636797,40
1283529,25
420310,5
70720,7
120055,5
55730,2
125090,4
238823,7
907609,24
1412056,33
3226145,43
1849326,57
2565979,75
2689096,67
2484307,69
2921735,54
1344650,45
2144670,56
4094455,66
2155980,59
2816373,78
3520045,65
3126825,56
3296246,62
2318105,45
1728326,20
1199800,19
129750,4
73124,1
90380,1
265310,5
581888,13
301281,12
1111000,30
7025113,27
2295550,57
8256292,69
2265413,96
1721420,55
3818113,67
2842249,52
2758260,60
1820784,49
3573543,84
2125264,76
1706160,55
3103527,76
3386357,48
1279765,36
1205661,25
231440,10
22280,2
242026,5
241293,4
119340,2
299367,4
394970,18
387369,19
1287937,38
2407695,64
3442235,87
2231833,61
6835341,66
2330611,70
2283488,67
3808770,82
1718694,54
2354230,91
2408330,62
1869704,60
1736442,57
1510091,62
706942,23
443566,17
607612,11
168712,7
12410,1
5900,1
0,0
200310,8
618134,20
758855,24
3211901,38
1403112,36
3466037,65
4145271,85
4049425,73
6304920,81
3409575,63
2943656,71
7635964,87
4335720,98
3621159,80
3777095,63
1554390,40
1629990,49
1064186,29
778951,20
289880,12
73406,4
41600,3
0,0
204980,5
68780,1
833980,13
642812,21
734624,24
1120254,29
2868018,67
3485069,72
2410748,74
3631078,79
3550925,80
4282228,79
3824112,77
12869804,82
2279144,83
3050325,65
2827915,55
3834281,64
1706386,32
929363,30
909070,14
128040,5
56653,5
190777,6
126240,7
176780,5
394387,15
2212972,21
847185,28
2890868,49
5491292,54
4487739,83
6550925,73
2832396,64
2861082,66
2414303,68
1894211,75
3434242,66
3436023,72
1731367,54
3100118,63
3280523,62
2425448,37
3668200,51
1016090,24
130940,7
74900,3
90000,1
112670,5
394280,9
529007,25
1929963,50
1663737,47
2426439,36
2609817,75
22509395,83
2036325,61
7767200,72
8692687,68
2832732,58
3900330,78
2402369,68
3652998,75
2179919,65
1586592,49
1618470,50
2961190,46
3684148,26
1253690,7
383290,5
39190,3
194780,4
115050,4
157550,7
753387,25
789702,30
1459948,41
2667296,43
2389100,63
3076737,83
2300703,72
3282296,77
1991222,69
3193850,68
3108662,77
2969291,74
3291371,61
2045250,62
2451674,57
2070755,64
1409688,31
1965154,24
119759,5
56900,2
101172,6
187957,5
70730,4
119230,6
1163522,17
1713765,51
1562129,33
2113351,53
2651470,70
2670324,80
5262400,63
2261135,82
1756620,56
2276113,59
2529259,79
2496559,79
11110935,77
3495832,67
2227791,46
1762179,44
1342217,22
1533693,32
210353,9
281039,7
13060,2
26850,1
245550,6
209209,4
551770,20
987742,35
1249220,35
1342489,45
9033721,63
2929445,81
10080688,63
4125048,59
3155046,63
5431145,91
21666244,64
19641000,86
1963834,74
4627678,55
1576611,52
1617407,61
1260055,25
916793,18
280883,13
324888,5
89149,12
21470,1
180556,5
122995,9
1273071,26
659272,16
1546732,36
1973845,55
10936950,72
26273793,92
7519869,87
4787320,88
9610712,87
24031959,87
10629835,84
12970168,97
2156085,66
1907927,76
4284176,60
2551885,63
1933069,38
679255,22
1149159,13
258382,8
356770,6
101120,2
261008,5
87039,3
337428,12
911996,18
1422691,30
2723784,54
2937951,67
28604060,88
33801591,75
10839774,83
10943097,73
4941440,94
11881974,94
4375397,92
5310477,60
1084510,44
2693352,55
3889582,65
3600774,56
2526600,38
772826,19
509420,10
247890,6
0,0
71660,2
252320,9
1088079,20
985147,33
3678513,63
7255098,99
1994383,85
3663002,137
2340359,75
2438763,127
4583166,99
2662334,81
3232323,94
5033317,95
2138255,82
4938219,91
3461994,77
3512183,91
3372140,73
667656,34
618370,9
244010,5
221350,3
80264,4
106180,8
488958,13
1088280,26
760824,38
820144,39
1686998,45
3501165,79
3003784,78
3610878,89
1633787,60
2325279,52
2723577,64
2341442,69
4144684,74
2194021,70
1759399,56
854550,43
1477731,62
3055160,41
552510,21
419320,8
66980,4
509440,4
241390,5
82060,3
608529,13
618570,29
1473033,43
1757515,36
2575288,48
2095827,72
2848205,105
2355942,61
3199160,61
2821358,65
2667991,67
8698753,67
4255241,84
2416016,83
1855873,71
1659947,53
1214076,42
1314564,32
1554372,36
842787,12
479264,11
36500,1
100,1
54645,3
380396,11
698769,32
354940,23
868899,31
1702657,50
2861947,76
1896468,81
3158681,72
1551045,65
2810279,64
2685817,82
3819842,89
1397830,67
3279633,81
2198170,61
1777893,51
3487186,60
931935,45
380238,12
319466,8
58500,3
193788,3
239174,3
1940,1
275967,10
1109300,20
1594572,43
1313434,34
3042915,52
21073915,85
2732862,97
12502290,77
3125084,65
2884924,62
7239873,109
29587590,87
3857138,74
3008763,84
1976948,57
2105447,64
1223210,32
1858515,28
1030770,20
232260,5
322710,9
0,0
840,1
152605,1
94906,3
629050,25
1692820,25
1192654,30
1787778,53
5333676,59
6000190,83
2159794,83
3656231,55
5653470,95
10303370,101
5488289,98
10355835,101
4619797,67
3251240,80
1302402,48
3311505,54
2847860,36
783539,14
588565,12
110960,3
71872,4
144557,6
27900,1
287540,7
59590,11
580169,20
1558824,22
1469818,46
4352709,68
3461913,84
2130704,66
4496178,90
19366072,87
9419582,85
2790435,68
4321439,55
3203108,80
1708170,52
1563986,45
1864906,42
2181554,41
1569599,20
436130,16
70440,2
10800,1
182270,2
8660,1
173940,3
850768,29
932587,25
1414607,27
7421122,60
1925492,74
3622619,81
1809893,60
3914288,64
1692477,46
2111081,67
2281418,69
1052852,47
2606230,81
1863634,68
2067808,60
1630656,52
1809680,37
897447,23
1608170,11
1325539,10
127638,2
815778,3
379848,5
334350,6
565222,21
1364496,39
1680952,40
1192874,49
1607303,79
2736236,90
2246511,82
3710575,84
1975508,57
3930206,74
1855111,66
4289680,82
2620638,70
1934491,58
2998581,58
1460101,39
1858480,45
836690,19
712494,12
401880,2
389690,4
98890,2
35400,2
301456,7
495691,18
1718114,30
1207975,39
1654482,58
5882435,76
2800745,88
3390819,78
3073577,67
2478316,63
1311323,49
13111301,79
2278732,77
8464437,74
2723240,64
2269180,57
2013984,58
1868357,35
1992015,22
122239,5
282625,5
68230,2
200,2
72220,2
274430,8
247810,13
2436353,23
1455622,44
3460419,52
2985712,57
2621398,90
6357949,90
1614775,59
1766412,53
16741104,69
2714820,77
3174784,90
2333510,73
1893940,64
2320051,62
2859267,64
1057609,33
655859,18
569228,8
286070,4
45140,1
0,0
54220,2
184070,4
714439,20
1648461,37
1676565,41
1888680,55
6230054,92
21200961,95
8818502,88
2161417,75
5665655,67
3516884,92
2873711,76
5494652,74
1807913,52
2991648,78
2272574,67
1340135,58
2762730,46
1494390,26
634237,14
316492,4
15000,1
216140,1
51580,2
597180,11
518322,20
2065412,27
9434455,39
1614596,39
2263641,63
3352170,84
3969767,69
4206432,80
7311124,87
4751125,83
1775740,62
3278988,86
3902483,84
13577447,54
3617865,69
2107044,51
4384929,39
1862712,22
219030,9
794609,7
424900,7
76600,2
249140,5
180288,3
267230,12
1448155,25
1581141,26
2991624,39
5837443,65
5257337,80
3370285,81
6970098,109
29558553,110
4393385,103
5363619,73
6080189,84
2032004,51
2028083,60
2943510,64
3427029,53
2525680,30
1366174,19
567758,14
291556,7
136910,2
37900,2
28280,2
138450,5
579220,20
2609500,41
3000800,58
2499061,91
8986811,95
2414838,116
1618102,87
1885600,100
3306982,121
4796096,79
2775445,85
2378660,71
2015576,72
2848046,66
2653925,83
2046068,68
2484245,54
889471,39
420740,16
1180010,11
105961,4
46330,4
298972,4
520065,13
1430960,27
1212402,32
1866725,38
2230633,45
2158107,79
7561210,93
3461611,68
1438230,46
2299463,43
2239886,61
14388712,70
2388615,72
2120705,70
1781509,66
2708162,58
3580728,70
1136196,34
1689600,25
1325475,11
251033,6
144222,3
1540,2
1100,2
197090,7
739353,20
922053,33
1429202,52
1830698,37
3250550,77
1791041,81
5031290,63
2005985,58
5854971,73
3184930,73
5289723,59
2971170,109
1961900,69
1717735,54
1761724,62
4258101,44
2685155,32
1344163,16
460740,11
455786,7
212740,3
75810,2
230520,6
191771,8
1605521,21
1686022,43
2601242,32
3214601,51
3271960,73
2739241,79
3232591,74
2553088,48
2761420,53
2574499,88
1747814,62
7414502,94
2184730,72
2240004,56
2036599,50
1384071,45
1753530,38
540495,19
525136,16
106060,4
8070,2
42460,3
30200,2
395708,5
445632,14
2739010,25
2294457,58
3417433,57
4391425,91
9726455,96
10085268,110
4497487,52
3496092,80
4222126,95
3903665,92
3526210,79
4471065,89
3301952,66
1568594,59
5092710,58
1606448,33
558736,19
530250,9
467247,7
76043,3
14560,2
0,0
147454,5
313910,14
1202360,25
1084220,24
2223419,49
3844290,76
5014815,86
6149214,87
7290440,92
13011829,94
10974765,112
4299382,73
6126205,83
3610680,88
9657579,71
2028588,68
2246549,47
1874335,31
676024,19
831530,13
658910,15
233560,4
127900,2
275400,4
22540,2
268294,11
819442,14
453420,18
912054,39
4038715,53
4619224,78
4353468,75
10572379,78
7243891,88
14163191,86
5280991,84
3462544,72
3600298,69
5280159,65
3354307,45
1977113,47
1531154,45
764430,25
516194,16
102430,5
232575,6
95850,3
26010,3
346483,9
513174,16
566402,28
863633,37
1317774,37
2626508,58
2083935,69
3981966,69
3600292,51
1172244,39
2273632,43
6503738,43
3649216,72
2281579,79
2586368,66
1846884,49
1710770,55
1768881,28
1069596,21
534180,12
17000,2
0,0
34952,1
1980,1
83550,2
678650,20
939049,25
1425080,39
2128409,42
4235089,75
2171548,74
1552113,59
1734940,48
3378160,48
2434363,71
6727029,73
2010990,72
3564177,79
1365815,59
2762654,67
1921563,48
1278754,30
1457731,36
233628,10
219620,5
426810,4
9000,2
14140,1
115146,5
625143,26
1014588,32
1280927,42
959081,34
1470067,54
4340640,78
2956008,80
2777591,63
3374238,66
2989540,54
5256234,60
3292654,69
2594497,75
2297045,60
2147423,55
1913170,45
1917893,51
6235832,72
349880,22
257790,6
16000,3
116200,10
1266760,9
1093960,15
2530516,29
1889627,46
32222726,52
9587923,47
2582862,55
6149953,105
3398900,70
6199674,87
3777115,61
2949916,75
2657940,63
3125720,81
1550264,66
1624473,73
2612235,67
3814775,67
2306016,38
10757095,56
243330,4
584200,8
78474,4
211740,4
479100,8
837220,14
2445538,37
1458591,38
2491149,41
3493220,57
3230507,65
8534879,70
9520160,90
21707500,79
5020462,53
23509767,60
4052217,72
3048119,86
6135533,78
2719998,67
2408483,69
1146467,39
1989793,46
1434999,36
928009,22
86680,3
35670,2
31300,3
51360,5
272716,12
328100,20
457630,14
853184,35
1566220,47
8267503,59
3660278,85
9770795,92
15723026,81
21866475,107
6180216,87
3120751,74
8163282,98
3342390,90
3467311,71
1839614,58
2462587,45
871827,30
1707486,31
360840,9
270880,7
30600,2
0,0
80220,2
71320,4
1148614,20
566010,16
916220,39
2099821,39
1344844,60
4002175,90
7530825,75
19867351,97
6158911,83
13855184,101
4523616,100
5108687,101
4771408,75
1973002,69
2639368,43
1681611,51
3821002,53
5231351,40
1701311,18
629574,8
374900,1
44910,2
99943,3
197740,8
875533,23
1665044,39
4263111,67
2114653,63
3818101,80
5085678,114
6172182,78
3039144,66
4143805,60
1966900,60
4036510,92
2945265,93
2669720,81
1783786,52
4775884,68
2341623,65
3080651,63
779960,18
1683080,17
399434,14
537490,3
50000,1
81826,3
78390,3
644016,18
1327751,43
841354,39
2036437,48
1564726,52
2839356,81
1449345,63
1997472,59
2087847,46
7378218,53
3190890,83
2304195,75
2875814,69
2338154,58
1315320,52
1686704,45
1188132,34
1177318,27
643096,15
88039,4
122196,2
62675,4
71330,2
578994,9
568936,20
1474207,38
1048592,35
1920556,55
5707628,87
7591109,85
2012792,65
2981238,61
1958371,58
1827944,56
2894575,82
2484116,78
1748088,64
2234205,66
1854399,60
2439145,48
1328661,38
1396169,15
184890,8
290293,4
17900,1
0,0
143300,2
286395,9
475970,17
341320,26
956566,36
1188283,44
1982788,63
7894309,81
3886740,66
3577622,71
2255580,59
18346967,57
1206575,48
1932415,70
2536341,70
1601837,58
2126152,63
1293709,41
1575764,27
2461010,21
499455,15
67000,2
24000,1
12320,1
129093,2
462402,9
1218489,31
904460,36
760051,24
5346203,47
10889300,93
3770365,73
3965864,51
7471678,69
8278107,64
2752109,85
3318981,57
5813935,67
7332240,79
2055569,57
816424,36
2514695,54
699690,23
603936,18
166615,7
0,0
130370,5
79380,1
391200,2
46020,2
438094,15
1074020,18
1876444,47
2677674,44
5081753,66
3066927,81
3329981,99
5602160,93
3972565,80
7282934,79
5702865,81
14053646,115
4925033,81
3692087,71
1698532,59
1127174,46
1011547,24
1297901,30
211730,6
1034290,9
29710,2
14210,2
123815,1
505160,8
229818,16
157620,6
984770,32
1374980,30
9246185,43
5737930,65
6748093,86
12243576,74
9213685,63
5853060,68
3600325,67
3611918,54
1971805,53
2463632,47
2394393,61
1397399,46
2068744,59
1119716,31
464413,12
494270,12
121970,2
83997,2
150570,4
1952979,12
139790,16
880087,27
1224771,35
12270616,51
2621481,57
1952469,57
1873929,56
1658441,55
3065860,49
1565078,40
2018507,68
1943945,62
1277340,53
2982872,65
3442501,69
3386782,55
1607138,34
664841,26
418429,15
222014,5
114250,2
3060,1
102650,2
391970,5
717862,20
1174629,25
2066475,43
1308803,39
1383794,56
2995332,70
4940804,61
2594422,49
1359914,45
6846440,64
5407075,72
2002785,70
1854634,48
1288915,50
1326016,49
993495,44
1877350,43
774430,15
436600,9
74100,1
35900,1
133196,5
484710,1
155888,10
827896,18
667021,29
2021778,34
4220393,47
13467558,84
3429658,85
3254891,62
2276032,51
1647600,48
2875190,71
13427102,63
1816760,62
1365215,48
2035110,70
2068673,53
2219143,41
1757993,28
1771273,22
707661,9
67530,4
357590,7
158973,4
0,0
1038200,11
987413,22
1074123,35
2472470,32
2013780,52
4217429,72
1816482,75
3404204,72
2844491,61
1998004,52
1059187,52
1834305,43
2230868,71
2165535,65
1866831,69
1932287,48
1105960,39
1641569,33
1485685,25
212045,4
22684,2
0,0
0,0
68180,2
302916,6
323758,16
3402195,31
896205,33
6803147,44
2056744,52
2153129,65
3074185,72
2107014,58
1820760,53
8271165,64
3224014,67
2751645,72
5052883,74
4797013,65
1961923,42
1263909,34
1355278,36
527090,16
830325,19
72920,3
44630,4
98420,3
12510,2
276615,9
199694,13
805464,18
2214011,28
2146989,46
5256461,69
3139162,75
4887973,72
5881700,83
4471637,72
4372712,67
4057731,82
8104215,78
2923694,68
2094380,51
3420093,51
1426953,49
1496572,25
391840,16
647848,17
2126610,15
562100,7
23220,2
32410,2
171183,4
224147,13
661603,13
1047174,23
2482711,44
3534138,58
2592227,62
2736491,64
4516400,73
3449496,85
3163580,78
5196009,78
7276418,84
2556544,56
1815227,49
1882732,48
2518937,51
1501044,35
712640,17
507594,13
346549,10
185820,3
0,0
84210,5
43910,6
352800,23
1378303,31
2070574,47
1416625,43
2164051,70
4983259,76
6905470,68
3095225,60
3072500,68
2293246,51
1621844,42
1603520,59
2071846,72
2352463,51
3975601,78
2555958,55
2909670,21
823556,19
548760,8
348199,9
6520,1
39140,3
131610,3
156630,5
835210,30
2480462,29
726335,29
3682913,56
1312554,52
2644912,68
2331619,65
3051294,45
2371570,64
2803020,83
1700895,59
1431961,65
2072753,78
2301904,60
1620065,58
2959863,46
1253354,30
629378,25
439444,11
101120,2
125340,3
0,0
63896,3
190890,7
1357908,18
652313,27
1808996,37
1145254,53
4201289,83
4163994,74
1770352,69
2997325,67
2742440,59
1786185,114
1825996,54
2384390,80
2922288,72
1739637,57
1730964,59
2391967,37
1019162,29
744419,22
342220,4
207000,1
237130,4
0,0
416700,3
264860,5
148980,6
1189023,43
686004,19
2281210,33
2982248,70
3637929,75
2726824,65
1339382,43
2393690,49
1971090,81
3067169,65
2153217,71
2963827,63
3373859,63
3131974,37
1186538,40
1151665,43
2793383,29
719477,24
67830,3
246480,5
168510,3
283900,3
97530,7
401610,22
1231715,26
1409095,43
4574355,64
4976558,75
3080520,72
2574655,77
1522554,41
2235707,44
8689623,81
2221635,74
1737665,58
2198003,68
3587696,66
2048502,50
4025984,46
2954228,44
607980,19
514176,12
109980,5
5700,1
20000,1
32391,1
318831,4
373920,15
1148607,33
1711032,36
1755323,38
5982509,66
4094441,66
3766450,79
8355460,78
2259642,60
4727399,75
4842556,86
5512351,59
2273954,65
4154581,59
3014572,62
1036749,24
2438608,32
2153304,16
30640,1
615622,5
0,0
158510,6
32252,3
78610,4
1538015,18
261064,16
1126010,28
3654193,39
2239463,61
2467819,65
1760683,59
6552369,76
1260097,34
5161957,53
5513940,70
1908240,53
3943691,58
3811180,51
1853420,54
4488197,43
4253718,35
816161,18
454428,3
142946,3
850,1
2020,1
281440,2
146300,5
188639,15
419679,20
1504536,39
1855710,50
2418492,74
3774530,66
2334786,66
1835241,51
2718267,61
8059531,75
2916527,70
1568564,62
4407232,51
2430096,58
1604041,53
3205149,46
1450110,32
979007,17
664790,9
36440,2
25750,1
91854,2
176650,5
223830,8
184300,13
1122499,25
3165684,49
1488068,47
3236934,75
4695967,90
6034190,59
6843118,47
1667948,44
6203302,41
7221530,51
6889839,71
2011790,59
2838652,72
1555733,61
3497161,37
1365105,29
673668,15
248689,6
36730,1
0,0
73021,2
119334,4
37220,1
1179011,20
798490,42
2662577,56
1765635,42
2424053,62
4331861,84
1909014,79
1773400,52
2822989,61
2524220,65
2173439,62
1174322,63
1791854,62
1553124,57
2193935,53
2585274,63
4422497,30
705463,11
514115,8
28940,2
171317,5
23199,2
67390,3
342000,12
262022,20
1279779,22
3435979,39
670022,32
1692674,51
2597339,80
1859883,63
1333683,42
1857622,48
1695532,65
1378127,55
2553491,64
2214063,58
2131802,56
1549697,60
1537407,38
700313,24
1397021,16
634560,18
127296,4
0,0
171000,3
1097785,4
254458,8
613645,20
332812,18
793955,26
1920441,44
2298555,56
3220243,70
4752087,61
1845475,60
3480921,59
12289781,51
9511459,69
2063247,69
2638330,70
2238798,69
2213754,64
1104311,31
2242800,20
640820,12
595761,11
138550,3
414570,4
90220,1
0,0
13008,3
400477,15
387800,11
987376,29
1176374,30
2116390,54
2626232,63
1399420,60
3992926,84
2810009,75
2966402,89
3578722,68
4227841,70
1976874,66
1743689,56
2045309,50
832448,28
1862583,34
1688578,70
600356,49
341695,22
196930,9
1800,2
52430,6
1753600,9
1336686,32
1002360,38
2059297,25
3095530,67
7077568,71
7004462,83
6629531,88
3948921,84
4123995,76
2265453,61
3225610,71
3139016,58
16647575,66
2820923,65
3008054,51
1010852,33
3413504,40
3773150,63
3111057,30
306363,5
445080,3
225480,5
398490,5
178920,4
897226,28
5102969,47
2426608,64
4874936,91
3276371,101
4265235,119
3249503,79
3977089,74
3638711,45
35466668,83
23166519,82
6029577,115
2717553,81
3820657,70
3008703,70
3171454,78
4546027,84
1423725,36
160010,10
381681,6
119660,4
183260,5
70250,3
437330,10
447592,19
1972608,36
916712,29
1457615,49
2505865,69
1394684,70
2635502,72
2849268,73
1992845,50
1921986,73
2501873,64
1335560,56
5959996,65
1209189,40
1474032,41
1717696,47
1727998,40
1004228,24
338121,15
173060,4
41720,2
3719940,3
111090,1
113440,4
589822,27
1046745,25
838461,26
2367654,61
3315859,98
2321372,86
2401388,67
4785440,57
3029577,60
3349555,43
2281162,61
1926684,65
3144951,57
4975703,42
1712081,50
1226563,32
927581,30
603288,24
366480,14
260850,7
94370,6
4500,1
131770,4
170744,9
360150,19
412405,27
1168903,32
1243628,51
1299498,57
2022987,73
2166275,65
2202644,65
1937982,59
1133322,66
8537271,61
2105256,76
2855117,57
4161401,56
1256289,40
1269845,31
1179102,31
1612370,16
501730,14
532070,9
164440,3
8370,1
54760,4
403510,9
635753,20
805179,29
1004157,27
1983331,45
7167133,62
5377705,90
1638221,67
7534548,46
8864861,53
13541064,61
2481170,67
2036476,65
3819773,77
1409509,50
1257110,49
3445794,32
701647,27
461710,9
874471,17
233010,4
134070,6
1000,1
64200,4
78920,3
177789,13
446641,14
1616611,32
8153673,61
3823956,83
5538725,84
2868941,61
2451623,48
1887054,62
16969274,87
3607900,95
5582268,101
4920610,96
2323744,49
1929778,60
3877607,44
1202796,25
649238,19
235640,7
172087,7
190080,1
8670,1
73970,2
17920,3
138460,7
332648,12
541483,22
2060828,43
1458302,49
2792280,54
9908679,61
3257548,59
4473710,60
6088337,57
7354930,49
27865348,68
2624656,64
1522553,57
1517583,38
844052,30
5680810,54
4034085,25
762440,18
42612,4
96410,6
0,0
1000,2
177600,5
562580,26
693726,27
2320560,25
1754214,59
1918397,63
4249567,84
2649545,79
10151625,47
2318095,47
2232280,76
6009029,48
3552982,65
2179237,60
1574986,56
3033301,62
1307396,36
1327570,27
1956589,22
519360,9
484050,7
112210,2
0,0
130790,2
73218,5
2111560,18
841466,34
2524107,35
1914879,54
2006756,65
2828377,88
1557961,70
2871203,46
2498950,48
1748249,51
4083710,95
2160411,80
2183522,74
1729451,58
4680692,44
1790759,42
1594140,37
2100731,22
205670,4
295505,5
75425,2
1460,1
0,0
228937,5
653712,22
291716,21
2486853,33
2822587,48
1760087,94
3863691,89
2216273,68
5055192,66
1181683,44
1591672,54
5051727,48
2049153,75
1771188,77
1590351,60
1689955,57
1119996,30
1955097,36
729446,21
229900,9
107730,5
19900,1
33240,2
5000,1
96332,9
209714,14
467195,30
804782,31
12579559,55
5362976,84
1804291,63
3443707,74
3157172,60
5011414,70
5298186,75
1138510,43
2377668,64
2407790,50
1881543,61
1489358,57
1065737,31
556090,19
620850,14
384471,7
5890,1
641049,2
0,0
129400,2
314131,7
471504,16
426782,26
659201,25
2229226,42
17220909,65
6486126,62
6087007,73
9889270,70
6947680,49
7587182,52
4455410,61
8483488,71
14653880,58
1574809,55
1666449,48
1513552,53
1046483,31
2741612,19
881246,9
213940,5
0,0
6400,1
41040,1
56772,2
287980,13
1063222,23
2141584,26
3182273,40
2300768,49
5356266,65
5705767,84
11361813,74
23748250,80
5871329,83
13688615,74
8052396,74
2638357,89
1621972,54
5094563,52
1212408,32
1036526,25
545763,19
721830,18
637648,6
487360,2
0,0
46469,2
398920,6
216160,14
1359641,29
1416404,25
2344460,51
1953130,53
2073280,40
1695550,52
3419825,73
6486554,76
9194302,90
26865386,90
4945098,91
2449165,77
11654270,55
2657708,63
758413,28
1319180,39
960300,18
385196,12
282133,6
126180,4
81730,2
157980,3
84110,3
203040,11
780153,26
1372338,56
1809614,36
5685335,49
22312941,79
2352571,65
30061543,71
4735428,72
3359606,93
5297669,82
5010098,70
2654188,79
1325347,47
1173463,43
1728584,33
2242778,38
1034286,33
261532,8
15617,1
87059,3
54030,3
45180,3
274475,9
256470,14
724073,26
2779282,23
1168562,43
3803127,69
2077139,65
1427562,38
1521323,48
2632835,54
3459680,67
1182552,54
6358230,76
1866911,61
2274016,55
4193535,42
2164865,39
1158479,23
522859,23
268201,8
120700,4
19620,1
0,0
105760,3
218534,5
344808,18
783727,35
1273502,42
974844,38
2881760,71
3859408,85
2000707,78
1990173,44
2137805,48
1713576,58
2894748,66
2620308,67
4963141,66
2063893,65
3557756,55
4834126,50
1132262,28
1131488,22
1101274,17
118861,7
370840,3
80000,1
3280,1
115286,5
236867,10
791810,36
1387970,32
1269218,44
1994080,64
1927734,75
1560065,47
3909451,61
1515442,49
1554109,42
4002868,64
3344940,68
2283330,67
1967362,50
1502863,46
1322197,30
1755049,32
1485970,14
176478,9
106050,5
90190,1
0,0
0,0
35325,4
363180,13
783894,33
7368852,28
2685155,50
4890346,70
3136028,87
2069069,70
12007668,53
2977242,61
1788703,62
5044400,72
15704313,92
15329905,62
3707171,60
710205,40
1279094,38
1400545,24
1906349,13
308094,9
186652,6
14850,1
24230,2
413880,2
531668,6
438127,11
617573,23
758678,23
1497171,38
2019400,54
4748198,100
23971276,93
13052190,82
3761839,96
4621326,74
3785762,90
3195082,71
40505868,75
2461600,66
1661093,49
1656596,29
871965,25
976820,15
237077,9
104084,3
13500,1
32577,1
20570,1
176600,3
64270,6
594658,14
1344420,29
1314449,42
2438555,52
2137673,75
3400000,64
3625110,57
3081961,69
4412616,67
2580569,68
3490728,75
3674430,58
4326850,54
4495850,57
1203962,43
4577921,42
787126,17
438801,10
62520,2
32250,1
40648,2
158790,2
93040,2
1360339,28
1909779,29
1061806,33
1220154,43
2846662,73
1612005,59
2558568,48
3052378,74
5943022,58
15111080,58
2603127,60
4341505,65
2270892,60
2065748,48
2247597,54
2588115,44
553872,21
2373849,16
123620,6
708549,6
0,0
31822,2
152900,2
211920,4
629591,20
1291414,28
1348805,40
1385682,36
1480168,63
8012423,84
4366541,80
3844124,58
3835071,54
2673972,76
9205218,76
1503678,60
2547277,66
1470491,58
3100981,47
2232851,48
1472819,31
1813399,19
419114,10
215110,6
53189,3
900,1
12910,1
190732,5
493070,18
658833,33
875815,31
1610607,52
3226820,72
2700298,78
2335220,61
6666474,47
1984930,63
1646749,51
5692217,74
2560493,63
2921243,74
1182712,54
1796029,51
1762880,45
1536165,38
1151003,22
616646,10
355079,6
72102,3
0,0
477820,4
82326,3
804703,30
550315,33
2608720,38
1031205,38
1845385,76
1895938,78
15489530,67
12229981,58
1999365,55
2228109,67
2819955,54
2570722,79
7512683,64
1053826,40
1935868,54
1481296,42
774652,30
2779229,22
591297,14
253710,6
234652,4
110948,5
61040,2
207702,6
710810,23
992536,35
1434113,26
965515,46
2328378,62
6809634,79
4164585,63
3508163,51
4022559,68
11411693,54
3007125,60
3490701,101
6049898,67
4484248,87
2534225,71
3130228,35
1082913,29
829160,15
193280,5
123110,3
193243,2
78806,3
235147,6
279000,5
874785,20
1574901,23
3252393,32
31225368,58
3218600,80
7877645,75
2973174,77
4015811,94
5634813,94
5109720,71
5899373,84
3462951,65
3945859,83
1957067,75
1249745,43
1761260,41
1970826,38
800330,25
503313,13
136010,4
0,0
0,0
65130,1
0,0
646740,16
636625,12
1816756,32
1463120,36
6743274,52
2842098,85
3252545,84
3130397,63
6421496,76
4622985,82
3641559,96
4843669,70
11299527,77
6022497,66
1707885,50
1532570,39
1760947,35
1229773,29
140220,10
125725,9
111393,4
549593,6
103540,1
112888,3
278344,15
757683,26
1074959,31
1808505,46
5025188,74
9694321,74
1872822,58
1506673,44
19170592,52
1483003,47
3326093,94
1905451,77
1950949,67
2287605,59
1601747,50
4698253,45
1033148,29
1028751,26
2442052,18
58270,3
129660,4
185896,4
101620,5
103890,8
420420,16
461588,29
1437369,40
1816930,47
1868827,66
2579892,66
3283963,48
2444057,59
788019,43
1713101,31
3898642,57
15387597,87
1573169,58
2658981,49
2660289,55
915708,32
1702043,61
4435038,103
1010047,66
479986,36
58395,16
78755,13
131827,6
390533,16
1222941,38
2181148,47
3766300,65
3972289,46
3892820,71
3443937,85
1875650,54
3784446,64
5022382,67
2671060,55
33096173,74
2512379,66
2429453,74
1345860,45
3809844,64
2128198,43
2065179,42
796245,35
507280,12
225840,7
6900,1
172909,4
321240,3
185841,7
1084758,19
1382053,31
1182850,42
2808869,45
2195475,67
2917303,76
3097149,61
3110691,52
2419698,46
3473280,68
2904416,61
2041250,78
2589515,76
1614171,54
3804616,57
2190120,55
2434483,29
1696783,19
233612,11
447789,7
857224,7
0,0
114990,4
171026,5
880728,19
1234254,31
1053307,38
1665492,47
2709713,68
4858185,78
4950133,68
6955005,51
16551910,43
5899650,70
2983359,70
2895240,72
4950050,86
12245072,75
1698799,66
1584100,41
3576303,24
2689348,24
819207,11
454064,9
95500,2
52130,2
251002,5
4320,1
668637,11
950652,22
2110605,42
1584427,46
5933176,61
7278872,84
6147782,61
24928815,79
5866037,73
4260580,65
6750456,71
4322951,99
4575269,71
8382616,66
1752604,68
1020500,40
1166745,31
1072784,24
343562,11
132850,7
0,0
59800,1
17300,2
498030,4
321452,17
805725,16
996540,28
1770718,49
3284500,55
8909860,72
4002184,78
11705320,97
2844864,73
22879675,82
5561023,92
5716684,61
15717958,86
2613698,57
4087841,64
2288909,48
4278248,43
2301343,35
1453770,30
662423,13
169560,6
113700,5
198868,5
235578,6
977073,29
1293433,47
3635679,60
7323251,76
2871826,78
2721062,81
5528561,65
4098558,69
18286491,80
8710591,89
5683330,89
3179856,95
6943526,72
4473403,89
3840129,71
6489967,72
4134821,64
743903,25
215560,7
641771,9
100030,4
35470,3
61280,1
263700,4
609830,15
766743,31
850545,31
3880967,50
2752074,72
3348544,57
5320010,71
3768000,52
1580994,43
1189950,85
2928737,60
2333820,81
2553100,77
1716768,44
2494192,68
1194700,37
1111249,24
3539069,28
371150,9
463099,5
291483,6
3150,1
84140,1
139710,6
1040574,19
520358,29
1043304,45
1301075,41
6688051,48
2603330,87
19220137,66
3146981,52
2352384,51
2513564,67
2217020,64
2537755,81
3953531,64
4116870,66
1810605,58
2847429,55
4585470,61
975931,19
651900,8
137890,6
221900,5
4770,2
27760,1
72454,4
198932,13
588014,24
1793294,34
2783391,40
2330648,57
4221005,88
1586426,54
5090402,48
3282338,61
3424503,59
2952237,61
2280678,77
1392858,61
2135277,61
1505359,52
1211049,28
1203408,27
1001900,22
517329,7
89110,3
38189,2
140400,6
0,0
51790,2
685050,17
882868,30
1055376,38
3941754,45
4021935,63
3076850,78
3546197,59
15754352,70
5708208,59
6574035,83
5297112,76
24639601,82
3626340,78
8933631,60
2743319,69
543848,24
1221945,30
929250,22
338810,8
386450,6
57530,5
246879,3
182165,2
107233,6
815325,16
664880,22
2505433,38
2468077,52
3830962,75
6032760,80
2960328,71
9388690,92
4044069,71
10680850,65
5916659,62
6411055,76
12597850,65
3210127,63
3005527,64
1966419,31
955943,26
586883,16
435031,9
55400,2
21240,1
5220,1
179860,2
3600,1
180750,8
726726,17
1115870,25
1937701,44
2434190,60
3276506,65
2461635,56
9175153,70
4489300,78
11146041,65
7177639,76
5416938,73
4222160,54
4564827,64
2097447,54
1972520,42
7347957,39
2558808,28
621407,17
142260,3
75530,2
0,0
339770,3
233272,8
351330,15
1538292,37
1323817,34
2838979,58
12131755,64
2668097,78
4114670,64
4069929,71
2725581,83
3785658,78
3583509,66
2986233,75
2015112,62
2919354,72
1454986,41
1976156,38
2418610,33
1287784,21
572500,17
283360,7
1000,1
58341,2
142010,2
274240,7
441716,22
10036135,27
2341693,32
5228208,43
8041912,91
10004187,69
2540345,66
3902750,51
3272140,47
3147936,52
12448673,58
3329960,63
3323934,62
3049690,53
3436864,53
2222535,35
2484766,24
913255,32
480957,7
157250,3
142940,2
368001,4
47220,1
306935,8
476250,18
1428843,36
4117150,34
5284853,47
6183209,56
2461552,70
1567690,53
3372112,46
1803781,45
3513015,55
3011644,73
1821617,59
2024345,60
1845017,58
1225186,48
3215358,43
1329007,32
637070,23
357643,8
132890,6
29970,2
0,0
835980,2
806330,10
443522,17
944153,26
1135104,32
2546486,44
3063727,63
2955133,72
2059629,52
1315730,34
1833236,94
1323782,54
7089898,64
3299109,67
2442937,61
1321615,49
831893,42
1160175,35
812622,17
842540,17
72640,3
4810,1
761070,2
1620,1
912500,2
75570,2
523340,20
448792,24
1022114,25
4974968,39
3071660,54
3149506,65
8637188,53
3706287,70
7297024,52
2189790,61
2768384,72
4948069,66
3775838,66
1461703,46
1805012,33
2536410,40
2323417,31
1584202,17
251010,4
45800,4
0,0
0,0
107900,2
236295,6
555880,13
1019959,18
679575,22
1183366,35
4773156,66
4828836,69
3785738,72
3382898,69
8928508,65
4564435,83
4048803,68
3453145,86
11114604,79
2358641,64
3221366,66
2767525,27
768220,14
549181,15
464170,11
157760,5
32158,2
0,0
100220,1
792240,3
581680,15
803478,14
1863975,32
1305058,47
2100870,60
1750720,58
4018374,77
2631596,68
3783315,79
3547813,71
4404547,69
3343780,57
2665280,52
2247746,58
1718553,31
2171600,20
1358413,18
289530,10
102023,8
82995,6
58050,3
39610,1
4500,1
103290,3
557370,16
214226,7
412230,20
916813,24
1734002,32
1528560,43
1667716,32
2027440,54
1057430,39
2376608,42
2038406,47
1687628,60
1533358,40
727669,27
1289554,34
869220,21
514360,10
458520,4
1205200,5
334185,5
1000,1
37160,2
45175,1
0,0
93460,7
206090,11
396930,10
705811,20
463260,21
1737103,36
555241,25
1015780,24
1430382,46
3235980,30
1562792,45
1753530,41
1000190,36
658033,24
3973992,34
663010,23
949223,24
545300,14
295340,11
63899,3
829321,2
0,0
0,0
6930,1
1187342,18
164700,8
1378170,23
818427,26
5757160,70
5976065,70
3687251,60
4257134,62
2961235,60
7190225,72
3745510,63
3697468,72
3207440,65
1893890,47
4571481,40
2398973,47
2413123,23
539730,16
250270,4
36280,1
264620,5
0,0
9180,2
125480,4
431860,15
883114,24
1026344,33
2765793,40
2163384,65
4207855,84
3261352,78
2467837,51
2290663,42
6730341,55
10652914,56
2022244,73
1333544,60
4144155,53
1532308,44
1959423,40
1153288,22
606865,16
515153,16
20940,2
30460,3
28370,3
27430,2
12000,2
287871,15
722778,24
1227722,39
1377050,38
3178140,48
19865907,72
2554077,57
6559190,49
5651427,49
1299937,66
4736865,65
1950254,72
1801014,64
2638869,67
2089410,47
9271352,41
3229791,31
902138,19
430397,10
154045,2
112930,5
63840,1
59470,1
206240,5
344000,9
532315,14
1990983,33
1347947,31
3289702,58
3707539,79
2283719,59
10665582,79
3424978,72
3619376,54
12232530,85
2554869,68
3023169,46
2077210,63
1013483,38
897983,38
1533017,30
982251,17
472435,12
169750,10
80670,2
0,0
47880,1
29260,5
565440,10
890816,12
1140490,22
4552047,34
4515584,53
1226677,48
3681946,69
2227638,73
5664841,55
3863695,57
6096442,69
4208649,66
1861079,49
2026272,60
2077221,46
2949932,44
3308982,45
1550297,25
612131,16
46499,4
139500,6
67019,1
58100,3
13480,5
372042,14
2392742,25
1182330,29
2280618,43
3237359,58
3914936,75
2962527,58
1937852,40
1507950,43
1531441,54
11881367,61
3128830,71
2099800,57
3786837,55
1325718,57
1392098,39
1168934,20
738290,11
1056213,6
377580,9
318580,4
19840,2
44060,2
137539,4
804690,17
722926,28
604741,27
1608774,29
3213031,64
1615780,73
2001526,47
2809337,47
1397310,37
3024392,49
2060493,55
1539370,60
3089479,64
1707527,34
3250716,50
1189280,33
1041041,13
607942,17
488413,12
56750,5
87820,3
127750,4
4320,1
107859,5
1097343,31
1094539,32
732202,28
1997014,48
1541720,58
998369,48
2669803,60
6615349,38
3380177,56
2232520,46
7692169,66
3884401,70
3569593,70
1867342,50
1684764,55
1998559,36
743570,15
1244972,17
29850,4
183990,7
73470,2
138810,2
49110,3
0,0
575760,26
1176513,33
1393203,28
2561805,52
1926652,82
2505473,77
1182263,59
1538533,47
2707203,54
1691332,61
2522538,73
2653938,90
5313238,64
2444552,51
1195147,47
1303154,34
2567034,44
22745070,114
1622315,61
2136929,22
47379,4
199270,5
12300,4
88045,7
4005651,34
1683234,48
1238539,39
1910749,52
5301901,64
8202460,86
16067516,71
3971082,55
4436408,63
12283100,55
32003822,54
5451703,82
3268038,75
1867934,66
1688295,55
1631003,33
1838416,31
2260689,29
277721,11
98334,4
57210,1
0,0
70505,2
109600,4
259356,12
389961,21
1892508,30
1111357,32
3628564,75
2640641,92
9972805,65
3357619,58
4886699,71
4999767,55
4272020,87
5278136,81
7632800,67
1605190,43
3021564,43
505540,25
1030865,26
1745724,16
579477,12
205770,5
173160,2
38057,1
88740,3
461249,10
626000,7
1115178,12
1982842,37
3126150,37
4013298,56
5733190,61
3217300,61
2446057,65
3414188,64
3218788,70
4255821,75
22904799,60
7896772,60
1406880,47
2156638,59
1145244,36
1059052,32
2069135,41
1362122,32
458824,11
167620,5
104512,3
60230,2
103650,2
183130,11
901403,27
2087081,64
3053512,52
3144352,87
4744992,87
4368738,93
5729251,76
4849035,86
3736265,65
5109814,85
4130446,84
4359348,81
4537063,85
3353334,66
4808728,76
4272361,72
625960,16
436940,15
103532,3
720150,5
354360,3
283860,8
595984,10
458630,22
563977,31
2288949,40
1186255,47
2278578,61
5199807,63
2592647,62
5300834,54
4479679,57
2028347,42
3311749,57
1297581,53
2333955,64
1282288,49
2029929,69
1845210,36
1165706,30
966741,22
383808,11
178800,4
292136,3
58000,1
110280,3
544729,8
340710,16
645012,27
1065140,37
4674566,45
1289669,50
3019103,71
1488056,59
1693610,48
2432381,51
1897410,64
1338340,57
6079310,67
1523901,68
2004187,56
4010462,41
1551469,38
710038,16
898149,21
935641,9
137200,5
337350,8
115176,4
38750,2
182200,4
702647,18
932802,34
916926,34
1294574,30
1356820,55
2437488,58
2153821,73
1753769,45
3065820,43
8543570,40
1923221,65
1885171,70
3705953,63
1527618,56
1268160,46
2120140,43
1948318,27
290116,13
680269,14
106405,6
346897,7
164880,3
65900,3
170996,6
1775030,16
937060,34
1247929,38
1509215,35
4936069,62
5191409,90
1625722,71
5985797,52
1956678,57
3713418,56
3435460,65
4501547,81
3218170,65
4695754,59
2600467,49
797198,37
671411,21
653378,18
294190,6
143470,6
33530,1
147900,3
584730,6
54770,1
524568,16
980484,21
1089674,28
2380971,47
5873171,52
2006942,73
4322140,62
3190784,63
5408380,70
4166606,76
4325313,67
4974347,72
1811811,54
2737677,64
1312525,53
970129,37
2659412,30
586537,10
309640,5
495520,10
35890,2
0,0
72089,3
199975,5
620370,10
654185,17
584268,15
880960,24
796890,33
1609470,47
2128735,60
4019150,59
3785254,57
2940998,51
5577947,53
2580719,56
2150059,48
2943371,47
4275177,42
1623880,36
1675194,29
741474,26
396319,16
206060,5
36990,2
111630,2
26410,2
228781,6
228740,13
391365,16
470212,26
934429,27
3006754,60
2173228,73
2924973,61
11768578,85
3269828,63
4036044,85
3678450,79
2036020,64
2031042,62
1176406,41
1451571,43
1307315,39
1144142,37
1615796,29
847340,7
126779,5
62730,2
24390,3
30000,1
751018,9
988325,25
873101,27
946030,27
1598225,38
2340860,45
2212160,65
1689623,52
2006081,45
1239815,51
2885803,69
2705403,54
2681167,67
1642804,50
1731760,45
3452664,53
1930069,48
1872379,32
1411524,27
353072,11
343950,3
562625,5
148260,3
85344,2
91820,5
764159,19
748639,31
12119911,39
1194324,36
2306300,65
2303932,64
3621561,58
2903760,48
1375913,49
2727111,62
1485088,66
2332906,73
1771437,63
2447200,66
1902613,47
2763984,41
3223360,38
2580421,27
380369,9
163820,6
112590,3
122016,1
1080,1
20000,1
423281,19
7340724,46
1539367,36
2263002,44
4128304,78
2793008,72
2822403,59
5130302,53
1812892,50
2256055,59
2865413,62
1641180,50
1609855,59
2948076,71
4436070,68
1359502,49
1780212,33
749584,23
192560,6
271150,5
43699,2
47970,2
2610,1
246682,5
660654,19
1894118,37
1240172,31
4267281,35
1908163,52
4162459,72
3869414,85
2511283,60
4208708,54
9666922,63
4930248,62
3198270,71
2289727,76
1585596,57
1792780,53
1760831,37
494555,19
559480,18
641880,8
366743,9
309560,2
143510,2
49410,1
75082,3
151578,13
592547,19
989629,25
2407478,49
3250035,75
2716439,67
5192126,82
9512076,75
8714692,87
11284725,75
4618870,80
4791772,75
4109287,62
2342881,59
1983165,50
1192663,38
1246745,24
1657132,24
643733,14
416848,11
5284400,11
52041,1
0,0
317120,6
291162,12
326364,11
821817,20
2475390,50
3171760,52
4457034,55
2141751,73
6697259,85
2347031,52
3369770,83
11681852,96
3490455,82
7910320,61
3103674,58
2747709,56
1772853,30
2531384,48
1873720,39
1391673,33
130310,7
270810,6
129526,8
242539,7
464825,8
1036502,23
4057593,53
3496345,79
2541616,77
4423165,68
3108997,92
3307184,59
2018389,59
5604735,80
2743783,54
3375489,62
3558954,63
4548605,59
3896181,85
3213512,83
3327216,55
3761234,64
3019368,35
1574579,28
501540,9
224744,6
41580,1
284262,6
10957000,17
1003295,28
1655064,48
2180420,40
1916514,50
3049640,84
3292704,84
1785971,55
3893169,60
2598833,52
7558266,52
3415978,78
3671396,82
3388099,83
2402970,59
3096208,64
2207140,54
1915368,43
2138908,26
552002,11
9000,1
190900,2
90130,3
287910,3
51924,1
1203726,29
2022357,32
849580,32
1506580,43
2723608,48
4007723,94
2031549,61
3415604,60
3066146,64
2786401,58
2943920,74
4070485,84
4505037,77
4115315,64
2570224,65
4499233,59
2300820,51
2099070,22
1214936,21
298320,9
279880,3
342250,5
326016,6
547756,10
644401,13
1775159,39
2371070,51
3766760,45
3365366,68
13628341,93
2332088,59
3728009,51
3109134,52
19974281,64
10200932,82
7669535,91
6478920,77
2232798,47
4334553,65
2124837,49
2513357,48
2419550,27
1024034,18
78219,4
340510,3
0,0
47260,3
319090,13
977720,15
1411773,37
2486077,39
1889714,47
10220988,66
4871150,87
2943207,79
3412338,61
1957220,50
1516120,52
2651462,72
5455318,83
5782591,75
6441494,65
1165769,39
2976429,43
1580913,41
573761,22
227796,10
449650,8
227000,4
253150,3
252530,4
317020,7
662269,19
2069131,23
2313239,36
1985825,44
3588937,61
4415540,69
4831034,78
2743891,67
4372163,93
5744490,87
2732879,82
9700263,93
2991380,74
2195098,54
2338709,47
1694361,41
3239946,29
1873299,26
805864,14
486919,7
52309,3
0,0
30540,3
13500,1
757332,20
1778578,26
2638453,35
1349588,30
1564872,64
2461813,62
4014876,61
3716164,62
6946798,78
13720522,97
2427810,68
16337070,62
3021002,61
2678959,56
2753411,64
3365127,52
5531793,70
1222350,21
563740,13
154400,6
100309,5
0,0
207970,5
212600,5
702402,17
1657336,28
1345368,46
2347471,50
1235246,35
1643607,63
3155582,46
6591316,69
1996662,51
6444510,47
2972120,60
4814110,65
2949959,67
3189475,60
2712490,61
3394260,53
3929422,44
1076221,12
1155836,11
347370,4
106642,2
30679,2
92910,5
471103,12
295910,14
472237,26
1183653,30
3765165,50
2230149,60
3137878,74
3068161,64
2156916,38
2963694,48
2959798,56
1849717,60
2249880,62
5206348,60
1733999,65
2103135,62
2294732,59
1924253,34
2126077,31
155247,5
24000,3
44009,3
59906,3
30472,3
206600,7
601678,20
1542974,34
1178861,34
1663327,34
4965660,58
1328072,49
1589450,48
2362292,52
1713769,52
2693513,52
24944823,74
1857891,76
2756669,73
879728,44
1273923,52
2216339,44
2824603,37
810626,17
172111,4
1104120,7
67089,2
10000,1
3240,1
94678,7
640170,17
505834,21
1180016,31
1853690,57
2718356,73
2849925,82
3313709,53
6997203,52
814750,39
3782814,56
2807237,61
5013557,70
1713376,44
3922009,62
3043814,45
1326600,32
2617233,38
414161,9
208180,5
145080,3
23940,1
5000,1
498672,7
150841,9
653340,22
1391094,28
785651,26
2474082,60
9467627,74
3292118,76
4841315,60
6515429,53
7768261,57
20893601,73
9496037,66
7665637,101
7102514,71
8079350,61
874875,41
1416504,34
528200,16
594011,19
263820,8
89257,3
97320,1
9000,1
24840,2
244260,7
502089,18
510610,14
1375557,20
1960335,42
2268043,63
2056110,60
3687212,89
5639533,65
13659880,73
2506550,70
4971708,84
3883576,71
5145581,61
1880461,54
1182469,41
1174039,27
783965,22
787292,17
1079586,15
221539,11
6390,1
76330,2
7800,3
38550,4
273860,13
427461,16
598525,18
1409488,36
3003565,56
3230484,79
3005637,75
3681815,75
10278663,70
6436096,71
5026941,83
5518339,82
2490928,57
1699166,66
987064,35
1126752,41
2583872,47
6821948,42
812172,17
1187896,11
51600,3
46120,4
485300,2
178651,6
908237,30
1141388,33
2000859,41
8205411,52
7807305,73
2989595,77
4289742,69
3610941,48
2788175,60
2395646,55
3355915,58
2762222,80
4287718,76
4163593,66
2651438,56
5615859,76
3589088,60
2075139,39
486542,14
1727220,5
237458,3
9520,2
42620,1
154790,4
434840,17
2360766,35
638970,24
1674217,36
1705797,48
3268394,65
2687887,44
3230320,64
1122041,40
1081359,32
2091021,58
4553868,50
2378632,52
2720160,53
1724501,43
1496231,35
1208611,36
1602971,20
1161323,20
619530,5
46800,1
112520,6
0,0
302310,6
871390,22
1186827,46
1996848,31
1612342,46
2440573,52
2317427,61
3554857,61
1673168,40
3706895,49
2300372,43
3996657,54
1974156,64
1150449,49
1668053,53
2315544,55
2324506,50
1709150,27
862696,28
417190,8
238802,3
242000,2
261390,5
81530,2
473740,10
619183,18
1122207,38
1312847,25
2442569,36
2324031,64
4662978,84
2669671,63
2649635,44
4437241,50
6185204,53
2750080,60
4023778,66
1682097,63
2420505,70
2665426,68
4392241,43
1855688,36
940324,25
1416550,9
173580,9
0,0
37660,3
99001,3
345284,11
864722,21
1064541,30
1380919,44
11475854,39
14017332,52
13977353,70
18801360,70
7045154,51
6900288,72
2672359,56
25713139,53
18058618,73
5538999,83
2112343,70
1472011,44
1805218,47
754535,30
768839,11
126261,8
160063,9
5660,2
318890,3
106930,4
294323,6
282493,13
778428,22
1812348,33
3021429,59
2811221,68
2952147,91
7450263,98
6357599,72
6068458,71
7005449,76
14600730,71
4630691,86
17804568,56
2672578,60
5692231,68
1815598,45
1572101,36
1024321,26
444245,12
333200,10
57860,3
88520,3
63970,1
13970,3
313509,11
860507,23
2462216,34
1657754,46
2094980,59
3460043,65
15900906,81
5473380,69
16055082,83
16747520,80
5674959,78
11552390,65
10000697,80
2654615,56
1543978,43
2548187,49
2653753,40
2059662,28
828630,13
191910,5
113696,3
0,0
0,0
910609,8
456269,17
1784947,32
2318260,37
1518062,40
2028069,56
2531263,77
1990300,41
1918228,56
2565670,45
1869283,48
2640991,43
1986145,61
1936759,66
2645619,56
2058506,61
1717030,43
7715653,38
941061,18
456350,12
160678,5
53060,3
1727140,7
2340,1
1213370,4
613713,22
775747,25
1140859,26
1761307,46
998627,51
3314590,71
8093693,74
4184554,63
5108647,77
2556559,69
3317685,60
4017530,60
1935240,70
2199446,68
3196413,66
1626726,51
1544986,32
512265,13
575806,12
26450,3
109207,3
139020,1
75050,1
25270,2
2054626,21
1385637,35
3099220,32
2437212,37
2200331,54
2014477,65
2223603,65
1719744,56
13490911,58
2839247,61
4179961,84
3697602,82
3229859,85
3214749,48
3641461,68
3380498,48
4941609,46
910721,26
231016,7
187195,4
398710,12
24330,3
117810,3
334858,6
1447042,18
836730,31
972207,31
1795887,47
13170004,77
2910965,82
1867162,48
4069921,58
7602287,57
7833110,70
3477699,69
7486929,62
2375579,66
1778907,59
1979836,63
2040623,46
1337444,29
1487604,23
720280,11
88276,4
45400,1
0,0
468090,4
539447,10
156610,8
1082896,30
2374000,41
3341298,53
16711890,50
2579185,70
2590840,62
1553953,50
2521046,58
3924437,68
2712979,75
8105407,86
5127881,86
1402386,50
1870138,55
1002804,42
653965,19
2229912,22
221590,7
169190,4
13860,1
196720,3
93120,2
238750,4
119138,11
522498,19
1606349,43
1316927,43
2357487,71
2562488,61
3440010,72
5989376,74
4571066,82
4765780,87
7790525,96
6304976,79
8089325,88
1925451,59
1696702,50
847680,39
1403528,23
1063086,20
1562280,7
80430,3
31410,4
80300,2
111790,2
147290,6
963776,18
502866,19
542966,23
8114862,44
2027579,48
5039777,48
7052968,61
3094090,45
6588470,67
3885673,69
4517598,71
3461933,66
8535279,53
3898958,53
1997370,52
1314645,40
3280886,39
1737609,15
585718,11
225863,4
16243,2
148380,4
0,0
193740,6
1075268,22
3765286,30
1701048,40
3709258,50
1650592,63
6030485,85
11764116,62
3556720,28
5370233,61
2581747,44
2458395,65
3537802,85
1169376,47
3797650,58
3406568,58
3070970,50
2802079,33
1416619,26
194470,5
166768,7
159270,3
1500,1
51480,4
130420,5
279309,13
1185257,33
708214,22
1133812,39
2381633,56
7033741,77
2642722,61
1993270,54
1722540,57
1741943,56
1902712,70
1516148,75
3912114,74
1471863,46
4622908,45
2265692,45
4298191,40
1347522,16
32900,5
33574,3
177640,2
208000,2
368300,9
156350,5
650690,17
708126,14
440371,18
1219960,40
1601814,46
2140179,74
1377481,54
1423729,51
12572363,51
2334989,69
2734761,64
1912121,58
4170887,48
1693039,49
2066354,57
1490828,44
2659998,32
1005060,21
494216,9
1599638,8
308780,4
12690,4
335360,4
78710,6
773478,15
816879,29
1616886,38
1712066,47
2773340,59
2290787,92
1732181,66
2380999,56
2582390,48
2487690,47
1519153,64
2692460,71
4303779,70
2528093,58
2493186,44
4332697,45
1418632,31
3606529,16
517690,12
60110,3
0,0
0,0
21631,1
254376,6
381547,13
1056190,39
1982655,33
6045301,41
2439005,70
2646822,73
4721053,76
12235719,75
3283322,67
5898123,72
5317739,77
2719039,64
2204281,65
2036848,57
902372,49
1123715,41
2266695,24
979116,21
669959,15
299758,6
107170,2
85300,3
133400,4
313520,3
142509,7
554070,14
1510058,29
2297362,59
1996624,65
2858105,68
24155382,65
1966691,52
4273272,72
3080825,67
9744176,72
11167275,66
4128765,73
3357200,79
1737859,47
1824637,42
1091485,20
947140,11
344022,11
167440,3
156800,3
58920,3
31170,2
58448,2
805858,17
587032,12
973884,26
1468761,37
3783392,54
1864870,53
3326280,55
4563941,60
4376256,73
6597118,92
2832017,72
6628846,94
5789344,62
4245801,59
1759609,44
3223605,47
1162087,29
1194637,29
285872,12
536488,9
562634,5
160404,3
14350,1
455017,7
579193,17
1493042,30
1208855,25
1495371,38
3352027,53
3670416,80
3699810,61
1852717,46
9829984,75
4520139,77
7781419,78
2928543,57
2448359,55
2912346,59
2570879,46
3704261,40
1623829,34
966558,15
212816,9
237308,8
98600,4
175914,4
23040,1
579290,6
1691368,21
2101855,31
1015983,31
2309524,54
11241938,56
2329584,84
5629550,57
2076270,48
3144849,52
2919743,55
3627791,85
2346340,74
4895571,47
2056568,54
2255491,61
1931621,47
2550018,36
361366,15
837747,16
180531,7
0,0
14700,2
9000,1
549100,5
684680,17
976647,33
826942,28
874381,32
2126186,60
6830146,76
2482336,68
3148132,52
2801204,55
2010512,62
2729963,67
3448692,68
2422935,77
2810923,70
1497511,50
1558096,33
1952355,35
664470,19
285210,9
362250,6
9720,2
195499,3
247700,4
83261,5
526739,20
874726,27
1544561,33
2590296,49
2561750,50
2224540,72
2824096,60
9786612,52
2948755,51
1765130,40
1343251,50
2823610,58
2019397,71
1679328,49
1306310,40
879206,40
944151,23
1152888,28
465830,6
290214,7
540849,6
9010,3
37900,1
218130,5
444671,16
560086,18
1354599,36
1494389,48
4406669,58
3514025,73
3916999,64
2406559,50
5974680,65
7292009,77
2736240,59
3353089,86
2558700,77
1951912,45
1338858,49
1021267,37
2792321,28
1600334,22
288100,9
73250,4
3101,1
278420,4
59740,2
187184,4
14580,2
513185,17
2644973,37
771100,26
2126783,49
1580249,60
2310369,68
2796376,76
15172008,76
3684747,63
3426229,77
6613514,97
17454106,76
2812156,62
2133306,53
1539833,32
1434984,31
658483,25
593643,18
196609,6
452680,9
0,0
44040,1
630,1
334630,11
158565,12
688683,27
1451315,39
3347140,39
1648922,51
3854181,58
7929465,65
15287520,72
8382955,64
3067121,59
8161934,71
3486022,52
1720486,42
1349391,34
1974501,42
2189547,30
1489500,34
311950,5
133809,4
142340,4
294810,3
94106,3
284461,6
326319,13
672065,26
1060042,29
2745311,32
2499195,53
5172763,63
2740027,71
2222327,48
8090232,60
3293198,65
1750879,66
7887093,65
3064793,68
1671700,51
3818220,46
2198696,51
620374,18
1614182,24
909365,12
89070,2
627120,3
0,0
229570,2
149000,3
355491,16
734361,29
1914007,33
1986814,37
12355290,62
2207806,62
3552085,59
1814865,47
2851511,57
5569842,46
2832751,73
5018197,72
17316954,77
1564409,52
2377413,54
1664565,46
3004920,71
1390466,19
866034,12
193030,6
82690,3
32107,1
304170,4
139716,2
289790,13
1234270,28
2241076,40
24339042,52
6220085,62
2900107,83
5233081,77
1588296,49
2048605,44
3141786,64
2893060,80
10119202,66
2264568,72
1913318,58
1588546,45
3069894,44
3134244,38
1179509,23
1176161,13
124690,2
377200,3
106500,3
280570,5
165950,6
641538,23
1443108,32
882400,28
3219714,47
3321501,56
2455023,78
3028588,71
3745742,56
3283520,66
1674252,51
2406474,53
2593100,75
2020165,67
1767574,43
1990668,51
996477,31
2646313,30
596282,17
64770,5
537520,7
1119880,4
50500,2
0,0
85870,5
472738,13
573157,23
591237,25
3432527,48
1803327,53
6869312,67
1495961,55
13717750,60
2702794,50
4396413,81
11364864,68
2675770,78
5613304,90
6940782,58
1252385,47
1556603,42
1437721,26
412567,14
426568,10
306550,7
622977,4
178025,6
71470,2
254850,4
455642,12
517453,16
1389143,24
1385848,39
2863608,65
3269631,72
3156258,55
8860668,81
3505070,54
2280110,57
4234828,74
5695355,94
5241699,63
1682373,58
1718671,44
1153533,36
1564502,35
1505161,16
150700,8
128770,4
466500,5
11800,1
92540,2
92640,5
145690,8
805462,20
511435,24
2917999,44
3051222,54
3595954,61
7017537,65
3454536,90
5544498,80
6444576,87
9399181,97
13464695,88
3662910,78
3535165,61
912477,41
1037507,49
957501,28
1624314,31
322200,12
282110,7
219561,5
55460,4
33200,1
242770,7
189360,10
1493115,35
1880602,45
1453519,42
8420592,89
2908771,77
1579238,58
1938199,48
3652215,81
2475271,63
2377296,75
2404277,70
1987239,56
6222473,69
1989190,64
2883114,73
3081853,54
1231287,31
1355559,21
111880,7
92850,3
0,0
279585,4
185185,7
632170,18
1139404,27
1057383,30
4270660,39
1970808,51
1679045,81
2949184,71
1994697,51
1368193,52
2386268,61
1628284,61
1323580,58
2062123,75
2844034,61
1499041,41
1829900,44
1782731,46
1575280,23
251036,9
370880,6
26640,1
70960,1
141700,4
185270,8
934331,23
649573,18
1692390,33
1847496,45
1911798,52
2001484,70
2037089,76
1580999,48
2774890,44
2701418,45
4955068,65
1408891,46
1552800,48
1139523,46
1507083,57
2178586,50
2164089,33
2222185,22
217123,9
427527,4
81828,3
0,0
166940,2
3500,1
1149998,23
703558,22
1238949,31
2544645,44
2602030,73
3509568,71
3094121,66
3556567,60
1736436,51
1464350,50
6768330,69
2728953,71
4538571,67
2464499,62
2856200,46
2029824,43
2149445,25
454884,22
247690,7
93300,11
44084,2
12100,2
39900,1
252930,7
582735,18
509729,24
1390712,33
3404203,48
2112542,49
3979143,85
5307577,67
6131519,60
1466530,49
2309805,47
7225798,76
10261482,80
3912410,81
1520969,68
2194698,64
989833,34
2323512,28
370860,12
316036,11
140228,5
155990,5
91350,3
99020,2
60110,3
684769,15
898127,17
2073193,28
1488168,31
3294541,69
2685281,60
4384359,81
5534506,64
8940034,90
3732058,79
2785799,67
14570700,88
2936939,64
2356691,68
4562449,57
2003739,61
5169671,25
1325529,17
2805650,9
336310,6
16999,1
159750,3
120640,3
116370,1
798033,15
208119,13
1229620,26
2066706,38
5404189,52
3656717,60
6585917,69
14160755,57
4836977,69
3814999,64
6819360,71
4645810,74
2291176,48
7253695,55
3186625,45
3479284,45
1734467,33
2148603,28
609930,12
179779,8
17486,1
2100,3
78170,3
280500,2
539911,22
2028851,36
1735418,36
11475432,50
6829583,71
1985030,65
2342360,59
4170386,47
2522983,69
4097439,58
2674999,64
2360298,59
4185130,64
2537902,69
966577,33
1454173,47
2545347,36
175191,10
935105,10
311330,5
59000,5
36900,4
0,0
76930,5
329221,12
814636,20
1604769,34
1137528,41
2094595,64
2298440,66
4742179,58
3342070,53
1900893,52
2784320,55
2321933,59
1467421,55
2771009,69
3595891,50
818055,40
2088656,37
2780319,27
581850,14
311110,16
204870,4
282810,6
119460,6
77095,4
116710,3
253565,19
1678134,34
1129102,31
923099,40
2663626,72
2561274,76
1435130,68
2568889,59
1799879,60
2790350,62
2301530,64
2920717,82
1984794,75
1380118,61
1257492,40
1374133,42
1050878,28
230820,8
176447,10
143751,2
111810,5
2156602,2
140512,4
336360,13
80740,11
1282142,32
990863,30
3809376,51
12020386,62
3202194,76
3889409,62
2178760,44
1195355,52
2316138,53
2408960,63
1795219,59
2155392,73
1727868,43
1616692,48
1435531,41
613727,24
643570,18
215740,5
191368,4
110850,5
140730,4
385710,5
731424,6
565030,17
892121,25
1145894,41
2009480,30
1825298,52
8081834,90
5325322,82
2159038,64
4868312,71
4775727,63
4403368,96
4423219,107
2944478,74
1852400,66
1352939,53
1335805,37
917105,25
1421816,29
528932,10
503430,7
14000,2
0,0
689160,2
108810,4
527640,17
1055532,20
2001502,33
1878306,54
3417821,84
4833765,78
5106247,93
2768419,78
5485067,78
5341917,76
3075474,81
6027628,84
5302765,62
2976355,68
1610244,37
2424800,36
1103991,24
884049,17
168610,9
97650,7
117530,2
55750,3
135670,3
96120,4
259500,10
611316,13
980296,34
663329,30
1878269,64
2534024,80
3323459,77
4064347,89
6925384,72
3852287,85
4878431,111
11197346,83
4132314,83
1785191,48
2930641,66
1914565,32
1453680,25
351650,14
353108,11
64900,2
126450,3
0,0
403255,4
50000,1
651116,19
963632,28
1618681,38
4711893,66
1721778,54
3878195,84
2613150,76
3809851,54
1738833,53
2451464,64
2752316,63
2858664,61
2379159,77
3248705,67
1717468,55
1559014,46
1846172,36
1424442,26
325201,10
850585,5
154350,4
35540,1
101983,4
348876,9
835680,22
1439387,27
1225159,39
1687407,46
3023176,64
2334588,82
4362435,79
4043705,59
2960320,63
2660824,65
9176174,71
2746217,78
3431163,65
1850623,52
2527698,55
2604817,46
1680268,32
2329029,31
514765,18
194236,4
0,0
182972,2
402170,4
1696390,4
922367,21
1469654,38
1243775,25
3551779,61
2097715,51
1495229,73
4278013,68
2401739,71
2467439,60
2417778,68
8830404,94
2571190,69
3133384,76
1702759,58
1321238,45
1330472,37
2283846,37
1452159,28
408840,9
9202,1
161965,4
23320,1
90000,2
170440,6
484110,17
3961503,34
723406,22
870386,36
2535821,70
2994079,65
2251930,53
1257164,51
1274296,42
1526661,61
4615465,68
3747103,78
3319855,78
4199427,66
1291088,39
1363692,42
1525181,32
1187940,26
158530,4
147250,1
87870,2
36990,1
213317,7
485205,8
435937,10
919855,31
1136398,40
1126595,37
2191183,62
2786041,78
6647685,78
2632865,60
1281500,47
3130229,82
3836335,80
4154017,90
3637120,88
2142879,60
2755130,46
2085104,26
1444250,22
741182,14
300309,11
21460,1
0,0
0,0
303897,7
125800,5
1180622,14
675322,19
430080,20
1339859,33
2648077,67
5662284,72
3845734,72
3757960,69
4640286,82
22406800,82
4586880,94
6151281,97
5726201,72
2872474,70
1753274,47
784179,28
1359979,24
429589,11
302252,7
210670,9
28480,4
82075,2
25360,1
55450,2
97217,10
603860,20
559264,19
1432958,38
1448707,47
8679514,64
4595929,79
3430069,65
2663404,61
15551425,75
6046910,64
13875437,74
1453949,59
2239819,45
1069991,29
964006,29
1708654,48
1128604,16
242080,5
153789,4
0,0
49550,4
59120,4
271330,6
570887,15
1037406,26
930160,20
1254455,39
1387141,46
6080538,71
4991388,59
2184698,58
4054978,55
5064584,62
7425849,66
2949596,75
1223617,48
1349478,47
2398924,41
1684102,42
1509864,32
499728,18
115190,7
123110,3
186639,2
93600,3
257407,6
336789,7
524736,13
398269,26
4038468,36
2131430,42
2865010,62
3272271,91
3882524,58
3082176,65
1950682,54
991878,47
2095574,71
2820597,68
2192639,58
1485278,46
2572403,62
1468908,41
684904,19
1821309,22
545000,10
171960,2
0,0
3000,2
58660,2
133931,5
225140,10
730088,21
1003273,22
592875,30
4926693,45
1583892,69
3287896,68
6584365,48
2147098,59
3286065,75
3085357,65
13193180,72
1704720,52
1251302,40
2363940,53
1941553,48
1451896,25
999281,19
718557,12
66360,5
244150,1
249390,3
2840,1
318680,5
292461,13
816705,25
837284,25
1646254,37
5438435,77
2231835,71
8160634,77
5471707,58
3903064,41
2485690,69
2364835,73
2202192,66
2278985,65
1505973,48
1925676,39
2026283,36
1276070,25
815660,11
646027,13
280158,7
3300,1
1000,1
48170,2
444809,5
434056,22
2131634,27
1863504,29
1086939,32
9569454,68
1708463,66
5748015,65
4194071,75
12088208,62
4463904,77
5662717,81
2776729,69
5136390,63
3124749,72
1210011,33
1398815,48
1504550,24
