지점,지점명,일시,평균기온(°C),평균 상대습도(%)
140,군산,2021-01-01,-2.3,81.9
140,군산,2021-01-02,-1.7,65.6
140,군산,2021-01-03,-2.6,59
140,군산,2021-01-04,-1,64.8
140,군산,2021-01-05,-1.8,64.3
140,군산,2021-01-06,-4.1,68.3
140,군산,2021-01-07,-10,64.9
140,군산,2021-01-08,-12.9,67.1
140,군산,2021-01-09,-10.2,57.3
140,군산,2021-01-10,-6.6,64.5
140,군산,2021-01-11,-4.4,61.8
140,군산,2021-01-12,-2.1,84
140,군산,2021-01-13,4.9,74.6
140,군산,2021-01-14,3.6,53.9
140,군산,2021-01-15,6.2,79.1
140,군산,2021-01-16,-1.2,64.6
140,군산,2021-01-17,-1.9,59.4
140,군산,2021-01-18,.2,74.3
140,군산,2021-01-19,-4.3,54.3
140,군산,2021-01-20,1.6,46
140,군산,2021-01-21,5.9,75
140,군산,2021-01-22,7.4,95.3
140,군산,2021-01-23,9.5,78
140,군산,2021-01-24,8.5,65.8
140,군산,2021-01-25,7.4,70.9
140,군산,2021-01-26,5,92.3
140,군산,2021-01-27,3.7,52.1
140,군산,2021-01-28,-.4,62.1
140,군산,2021-01-29,-4.4,63.5
140,군산,2021-01-30,1.7,76.8
140,군산,2021-01-31,5.7,71.4
140,군산,2021-02-01,7.2,88.3
140,군산,2021-02-02,-1.8,49.9
140,군산,2021-02-03,-.8,67.3
140,군산,2021-02-04,.7,56.1
140,군산,2021-02-05,2,56.6
140,군산,2021-02-06,6.5,77
140,군산,2021-02-07,4.6,81.1
140,군산,2021-02-08,-.9,52.6
140,군산,2021-02-09,-.4,62.6
140,군산,2021-02-10,2.3,74.8
140,군산,2021-02-11,4.3,85.6
140,군산,2021-02-12,4.9,85
140,군산,2021-02-13,5.4,79.3
140,군산,2021-02-14,8.3,73.4
140,군산,2021-02-15,2.6,72.9
140,군산,2021-02-16,-1.3,67
140,군산,2021-02-17,-5.2,70
140,군산,2021-02-18,-2.9,61
140,군산,2021-02-19,3.1,70.9
140,군산,2021-02-20,9.9,75.6
140,군산,2021-02-21,13.8,54.3
140,군산,2021-02-22,8.2,72
140,군산,2021-02-23,1.8,48.1
140,군산,2021-02-24,3,55.8
140,군산,2021-02-25,3.8,74.6
140,군산,2021-02-26,10,48.1
140,군산,2021-02-27,9.8,47.1
140,군산,2021-02-28,7.9,64.3
140,군산,2021-03-01,9.9,93.8
140,군산,2021-03-02,3.7,79
140,군산,2021-03-03,4.2,70.6
140,군산,2021-03-04,6.7,76.4
140,군산,2021-03-05,8.5,76.4
140,군산,2021-03-06,6.7,86.1
140,군산,2021-03-07,6.9,76.6
140,군산,2021-03-08,5.8,83.6
140,군산,2021-03-09,6.1,72
140,군산,2021-03-10,6.7,71.3
140,군산,2021-03-11,9.2,73.3
140,군산,2021-03-12,8.7,84.8
140,군산,2021-03-13,8.2,80.9
140,군산,2021-03-14,6.3,93.1
140,군산,2021-03-15,9.8,76.5
140,군산,2021-03-16,8.5,67.9
140,군산,2021-03-17,6.3,67.3
140,군산,2021-03-18,8.4,67.6
140,군산,2021-03-19,11,69.1
140,군산,2021-03-20,8.4,88.3
140,군산,2021-03-21,6.2,70.3
140,군산,2021-03-22,6.8,66.1
140,군산,2021-03-23,9,72.8
140,군산,2021-03-24,10.5,62.5
140,군산,2021-03-25,9.2,84
140,군산,2021-03-26,10.4,72.9
140,군산,2021-03-27,13.4,80.4
140,군산,2021-03-28,9.4,94.4
140,군산,2021-03-29,10.1,80.4
140,군산,2021-03-30,11.3,56
140,군산,2021-03-31,12.4,51.1
140,군산,2021-04-01,16.3,40.5
140,군산,2021-04-02,17.9,45.9
140,군산,2021-04-03,15.9,83.6
140,군산,2021-04-04,11.1,87
140,군산,2021-04-05,11,58.4
140,군산,2021-04-06,10.7,65.8
140,군산,2021-04-07,11.7,68.4
140,군산,2021-04-08,10.9,64.8
140,군산,2021-04-09,11.6,51.4
140,군산,2021-04-10,11.8,66.5
140,군산,2021-04-11,13.7,66.8
140,군산,2021-04-12,13.3,78.4
140,군산,2021-04-13,9.1,81
140,군산,2021-04-14,8.1,64.1
140,군산,2021-04-15,9.9,65.3
140,군산,2021-04-16,11.2,78.6
140,군산,2021-04-17,10.3,64
140,군산,2021-04-18,9.9,67.8
140,군산,2021-04-19,11.3,67.1
140,군산,2021-04-20,12.9,65
140,군산,2021-04-21,16.3,52.6
140,군산,2021-04-22,20,42
140,군산,2021-04-23,20.4,36.8
140,군산,2021-04-24,17.4,44
140,군산,2021-04-25,16.4,67.1
140,군산,2021-04-26,15.2,64.8
140,군산,2021-04-27,15,65.6
140,군산,2021-04-28,14.6,82.8
140,군산,2021-04-29,14.3,72
140,군산,2021-04-30,11.6,77.6
140,군산,2021-05-01,10.7,76.8
140,군산,2021-05-02,11.9,71.6
140,군산,2021-05-03,13.1,73
140,군산,2021-05-04,17,77.9
140,군산,2021-05-05,13.2,71.5
140,군산,2021-05-06,15.1,51.4
140,군산,2021-05-07,15.1,56.9
140,군산,2021-05-08,14.9,62.1
140,군산,2021-05-09,14.6,61.4
140,군산,2021-05-10,12.8,77.5
140,군산,2021-05-11,15.7,79.9
140,군산,2021-05-12,20,53.6
140,군산,2021-05-13,18.9,74.1
140,군산,2021-05-14,19.9,74.9
140,군산,2021-05-15,21.5,88.9
140,군산,2021-05-16,19.8,99
140,군산,2021-05-17,15,94.1
140,군산,2021-05-18,17,82.5
140,군산,2021-05-19,18.8,73.4
140,군산,2021-05-20,16.7,86.3
140,군산,2021-05-21,15.3,86.3
140,군산,2021-05-22,17,80.3
140,군산,2021-05-23,19.3,74.6
140,군산,2021-05-24,17.6,76.6
140,군산,2021-05-25,15.8,79.4
140,군산,2021-05-26,18.3,62
140,군산,2021-05-27,15.8,85.5
140,군산,2021-05-28,16.6,84.9
140,군산,2021-05-29,18,67
140,군산,2021-05-30,19.9,67.1
140,군산,2021-05-31,20.3,59.5
140,군산,2021-06-01,21.3,60.9
140,군산,2021-06-02,23.6,60.1
140,군산,2021-06-03,18.7,90
140,군산,2021-06-04,18.1,76.3
140,군산,2021-06-05,20.3,76.3
140,군산,2021-06-06,22.1,67.6
140,군산,2021-06-07,22.2,64.1
140,군산,2021-06-08,23.1,77.5
140,군산,2021-06-09,25,73.5
140,군산,2021-06-10,24.6,67.8
140,군산,2021-06-11,21.7,90.8
140,군산,2021-06-12,22.8,82.4
140,군산,2021-06-13,19.2,94.5
140,군산,2021-06-14,20.1,92.3
140,군산,2021-06-15,21,90.3
140,군산,2021-06-16,24.1,65.4
140,군산,2021-06-17,21.3,82.9
140,군산,2021-06-18,20.8,93.9
140,군산,2021-06-19,21,87.6
140,군산,2021-06-20,23.5,72.5
140,군산,2021-06-21,22.3,78.8
140,군산,2021-06-22,22,77.4
140,군산,2021-06-23,22.2,83.5
140,군산,2021-06-24,21.7,86.5
140,군산,2021-06-25,23.2,79.3
140,군산,2021-06-26,23.6,78.1
140,군산,2021-06-27,24.3,77.1
140,군산,2021-06-28,23.4,84.6
140,군산,2021-06-29,23.2,88
140,군산,2021-06-30,23.9,83.8
140,군산,2021-07-01,25.7,82.4
140,군산,2021-07-02,26,82.3
140,군산,2021-07-03,23.3,91.8
140,군산,2021-07-04,22.1,97.1
140,군산,2021-07-05,21.7,95.6
140,군산,2021-07-06,22.9,98.5
140,군산,2021-07-07,25.1,97.1
140,군산,2021-07-08,23.8,96.6
140,군산,2021-07-09,25,89.4
140,군산,2021-07-10,26.2,86.3
140,군산,2021-07-11,25.9,91.3
140,군산,2021-07-12,27.2,88.5
140,군산,2021-07-13,28.3,76.6
140,군산,2021-07-14,28.5,77.8
140,군산,2021-07-15,28.3,74.4
140,군산,2021-07-16,26.8,87.1
140,군산,2021-07-17,25.5,87.5
140,군산,2021-07-18,25.7,88.3
140,군산,2021-07-19,25.6,86.8
140,군산,2021-07-20,27.5,84
140,군산,2021-07-21,29,72.3
140,군산,2021-07-22,28.8,67.8
140,군산,2021-07-23,28.2,73.9
140,군산,2021-07-24,28.8,75.4
140,군산,2021-07-25,29,67.1
140,군산,2021-07-27,28.6,75.3
140,군산,2021-07-28,28.4,78
140,군산,2021-07-29,28.2,75.5
140,군산,2021-07-30,28.4,78
140,군산,2021-07-31,28,80.6
140,군산,2021-08-01,25.4,98.6
140,군산,2021-08-02,25.3,96.9
140,군산,2021-08-03,27,85.8
140,군산,2021-08-04,28,77.3
140,군산,2021-08-05,28.5,77
140,군산,2021-08-06,27.8,77.5
140,군산,2021-08-07,27.3,73.3
140,군산,2021-08-08,26.6,80.6
140,군산,2021-08-09,27.3,71.9
140,군산,2021-08-10,26.8,83
140,군산,2021-08-11,27.3,76.1
140,군산,2021-08-12,26.3,83.1
140,군산,2021-08-13,25.8,82.4
140,군산,2021-08-14,25.6,79.1
140,군산,2021-08-15,26.3,72.4
140,군산,2021-08-16,26.1,70.5
140,군산,2021-08-17,26.3,64.8
140,군산,2021-08-18,24.9,73
140,군산,2021-08-19,24.8,76.8
140,군산,2021-08-20,26.2,70.5
140,군산,2021-08-21,24.9,86.4
140,군산,2021-08-22,25.5,85.8
140,군산,2021-08-23,23,98.4
140,군산,2021-08-24,25,92.9
140,군산,2021-08-25,23.5,98.9
140,군산,2021-08-26,25.2,87.8
140,군산,2021-08-27,21.5,99
140,군산,2021-08-28,22.5,90.5
140,군산,2021-08-29,22.5,87.3
140,군산,2021-08-30,23.3,87.4
140,군산,2021-08-31,25.1,87.1
140,군산,2021-09-01,23.3,93.3
140,군산,2021-09-02,22.8,87.5
140,군산,2021-09-03,23.6,76.9
140,군산,2021-09-04,23.2,72.1
140,군산,2021-09-05,20.9,85.5
140,군산,2021-09-06,20.3,95.8
140,군산,2021-09-07,21.8,90.8
140,군산,2021-09-08,22.2,85.6
140,군산,2021-09-09,22.2,89
140,군산,2021-09-10,22.9,89
140,군산,2021-09-11,23.3,86.6
140,군산,2021-09-12,23.4,88.9
140,군산,2021-09-13,23.8,75
140,군산,2021-09-14,23.2,67
140,군산,2021-09-15,24.1,58.4
140,군산,2021-09-16,22.6,68.3
140,군산,2021-09-17,21.1,85.9
140,군산,2021-09-18,22.4,77.3
140,군산,2021-09-19,22.6,83
140,군산,2021-09-20,23.5,73.3
140,군산,2021-09-21,22.3,89.4
140,군산,2021-09-22,22.6,84
140,군산,2021-09-23,20.6,75
140,군산,2021-09-24,21.2,73.1
140,군산,2021-09-25,21.5,75.5
140,군산,2021-09-26,21.7,70.9
140,군산,2021-09-27,21.9,71.1
140,군산,2021-09-28,21.2,87.1
140,군산,2021-09-29,21.1,97.9
140,군산,2021-09-30,21.2,82.8
140,군산,2021-10-01,21.1,86.8
140,군산,2021-10-02,21.2,85.3
140,군산,2021-10-03,23.4,71
140,군산,2021-10-04,24.3,76.3
140,군산,2021-10-05,23.1,81.9
140,군산,2021-10-06,22.2,86
140,군산,2021-10-07,20.5,93.5
140,군산,2021-10-08,20,95.5
140,군산,2021-10-09,23.2,80.8
140,군산,2021-10-10,22.9,84.1
140,군산,2021-10-11,15,89.8
140,군산,2021-10-12,15.9,97.8
140,군산,2021-10-13,19.6,81.1
140,군산,2021-10-14,19.6,87.1
140,군산,2021-10-15,18,92.4
140,군산,2021-10-16,12.8,65.5
140,군산,2021-10-17,7.2,53.5
140,군산,2021-10-18,10,70.9
140,군산,2021-10-19,11.4,76.6
140,군산,2021-10-20,10.1,74.5
140,군산,2021-10-21,10.1,74.1
140,군산,2021-10-22,10.9,64.3
140,군산,2021-10-23,10.9,74.1
140,군산,2021-10-24,12,77.4
140,군산,2021-10-25,12,73
140,군산,2021-10-26,12.4,82
140,군산,2021-10-27,13.7,71.8
140,군산,2021-10-28,12.5,68.5
140,군산,2021-10-29,13.9,64.9
140,군산,2021-10-30,12.7,78
140,군산,2021-10-31,13.5,82
140,군산,2021-11-01,13.1,83
140,군산,2021-11-02,11.8,77.8
140,군산,2021-11-03,11.3,82.9
140,군산,2021-11-04,13.9,80.8
140,군산,2021-11-05,13.3,78.1
140,군산,2021-11-06,15.8,58.6
140,군산,2021-11-07,16.6,59.1
140,군산,2021-11-08,11.6,67.4
140,군산,2021-11-09,10,61.5
140,군산,2021-11-10,7.4,88.1
140,군산,2021-11-11,7.7,78.1
140,군산,2021-11-12,6.3,93.9
140,군산,2021-11-13,9.3,78.4
140,군산,2021-11-14,11.9,70.6
140,군산,2021-11-15,10,87.5
140,군산,2021-11-16,8.5,79.1
140,군산,2021-11-17,8.3,79.4
140,군산,2021-11-18,10.9,82.3
140,군산,2021-11-19,12.1,91.9
140,군산,2021-11-20,10.3,98.5
140,군산,2021-11-21,11.2,93.3
140,군산,2021-11-22,6,78.4
140,군산,2021-11-23,2.5,90.4
140,군산,2021-11-24,7,78
140,군산,2021-11-25,9.4,69.9
140,군산,2021-11-26,5.9,68.1
140,군산,2021-11-27,4.9,71.8
140,군산,2021-11-28,5.9,64.5
140,군산,2021-11-29,7.5,71.4
140,군산,2021-11-30,9,77.5
140,군산,2021-12-01,2.1,65.1
140,군산,2021-12-02,3.7,70.8
140,군산,2021-12-03,6.3,57.9
140,군산,2021-12-04,2.6,68.1
140,군산,2021-12-05,2.9,75.1
140,군산,2021-12-06,5.5,69.4
140,군산,2021-12-07,6.1,79.3
140,군산,2021-12-08,7.3,79
140,군산,2021-12-09,7.5,72.9
140,군산,2021-12-10,8.3,89.4
140,군산,2021-12-11,6.8,88.5
140,군산,2021-12-12,4.6,68.9
140,군산,2021-12-13,0,51.4
140,군산,2021-12-14,4.3,66
140,군산,2021-12-15,8.4,81.3
140,군산,2021-12-16,7.5,84.3
140,군산,2021-12-17,-1.4,75
140,군산,2021-12-18,-3.2,74.8
140,군산,2021-12-19,3.2,72.4
140,군산,2021-12-20,7.4,71.4
140,군산,2021-12-21,7,81
140,군산,2021-12-22,3,59.4
140,군산,2021-12-23,3.8,54.3
140,군산,2021-12-24,3.3,64.1
140,군산,2021-12-25,-5.7,61
140,군산,2021-12-26,-6.7,58
140,군산,2021-12-27,-3.1,64.4
140,군산,2021-12-28,2.5,75.6
140,군산,2021-12-29,4.4,67.4
140,군산,2021-12-30,.2,66.6
140,군산,2021-12-31,-3.2,58.4
146,전주,2021-01-01,-1.6,70.8
146,전주,2021-01-02,-1.3,57.8
146,전주,2021-01-03,-2.1,56
146,전주,2021-01-04,-.2,64
146,전주,2021-01-05,-1.4,61.9
146,전주,2021-01-06,-3.7,60.9
146,전주,2021-01-07,-10.5,62.3
146,전주,2021-01-08,-12.4,60.5
146,전주,2021-01-09,-10,59.3
146,전주,2021-01-10,-6.2,64.5
146,전주,2021-01-11,-4,67.3
146,전주,2021-01-12,-.6,70.4
146,전주,2021-01-13,5.8,64.3
146,전주,2021-01-14,5.5,67.1
146,전주,2021-01-15,7.9,75.3
146,전주,2021-01-16,-1.5,63.8
146,전주,2021-01-17,-2.6,57.6
146,전주,2021-01-18,-.4,74.9
146,전주,2021-01-19,-3.8,51.4
146,전주,2021-01-20,2,47.1
146,전주,2021-01-21,8.1,75.8
146,전주,2021-01-22,8.4,93.6
146,전주,2021-01-23,9.8,77.9
146,전주,2021-01-24,8.9,62.4
146,전주,2021-01-25,8.1,64.4
146,전주,2021-01-26,5.6,85.6
146,전주,2021-01-27,3.8,52.1
146,전주,2021-01-28,-.5,65.8
146,전주,2021-01-29,-4.5,56.4
146,전주,2021-01-30,2.1,68.9
146,전주,2021-01-31,6.5,63.4
146,전주,2021-02-01,8.3,82.9
146,전주,2021-02-02,-1.9,46.9
146,전주,2021-02-03,-.7,49.6
146,전주,2021-02-04,-.1,55.9
146,전주,2021-02-05,2.2,50.6
146,전주,2021-02-06,5.5,66
146,전주,2021-02-07,5.5,75.1
146,전주,2021-02-08,-1.1,50.8
146,전주,2021-02-09,0,49.6
146,전주,2021-02-10,2.6,65.9
146,전주,2021-02-11,5.7,67.4
146,전주,2021-02-12,7.6,54
146,전주,2021-02-13,8.3,48.4
146,전주,2021-02-14,10.2,57.1
146,전주,2021-02-15,2.6,70.3
146,전주,2021-02-16,-1.2,58.4
146,전주,2021-02-17,-5.9,68.5
146,전주,2021-02-18,-3.8,59.5
146,전주,2021-02-19,3.5,60.4
146,전주,2021-02-20,10.3,66.4
146,전주,2021-02-21,15.9,44.6
146,전주,2021-02-22,10,62.1
146,전주,2021-02-23,2.1,42
146,전주,2021-02-24,4,43
146,전주,2021-02-25,4.6,68.4
146,전주,2021-02-26,9.9,52.3
146,전주,2021-02-27,9.5,42.3
146,전주,2021-02-28,7.2,71.1
146,전주,2021-03-01,11.2,86.8
146,전주,2021-03-02,3.6,76.9
146,전주,2021-03-03,4.9,60.5
146,전주,2021-03-04,7.2,73.5
146,전주,2021-03-05,8.5,79.9
146,전주,2021-03-06,7.3,84
146,전주,2021-03-07,8,69.6
146,전주,2021-03-08,7.4,69.1
146,전주,2021-03-09,7,64.5
146,전주,2021-03-10,8.7,58
146,전주,2021-03-11,11,55.5
146,전주,2021-03-12,8.8,83.4
146,전주,2021-03-13,8.4,76.1
146,전주,2021-03-14,8.4,75.1
146,전주,2021-03-15,12,62
146,전주,2021-03-16,9.7,65.4
146,전주,2021-03-17,7.6,61.4
146,전주,2021-03-18,10.8,59.3
146,전주,2021-03-19,13.1,57.4
146,전주,2021-03-20,8.9,88.8
146,전주,2021-03-21,6.1,68.4
146,전주,2021-03-22,6.6,57.3
146,전주,2021-03-23,9.6,56.3
146,전주,2021-03-24,11.5,52.8
146,전주,2021-03-25,11.3,67
146,전주,2021-03-26,12.6,64.1
146,전주,2021-03-27,14.5,72.5
146,전주,2021-03-28,10.6,89.6
146,전주,2021-03-29,11.6,65.3
146,전주,2021-03-30,12.3,49.5
146,전주,2021-03-31,14.2,43.9
146,전주,2021-04-01,16.8,33.5
146,전주,2021-04-02,19.6,39.5
146,전주,2021-04-03,16.6,80.5
146,전주,2021-04-04,11.4,87.4
146,전주,2021-04-05,11.6,57.3
146,전주,2021-04-06,12,55
146,전주,2021-04-07,12.7,56
146,전주,2021-04-08,11.9,53.8
146,전주,2021-04-09,12.6,48.1
146,전주,2021-04-10,13.3,55.1
146,전주,2021-04-11,15.6,49.9
146,전주,2021-04-12,13.9,67.9
146,전주,2021-04-13,9.3,77.9
146,전주,2021-04-14,8.3,53.5
146,전주,2021-04-15,10.8,48.6
146,전주,2021-04-16,12,69.8
146,전주,2021-04-17,10,66.1
146,전주,2021-04-18,10.4,60.6
146,전주,2021-04-19,12.1,54
146,전주,2021-04-20,14.5,49.9
146,전주,2021-04-21,18.5,43.9
146,전주,2021-04-22,21,34.9
146,전주,2021-04-23,21.4,30
146,전주,2021-04-24,19,36.4
146,전주,2021-04-25,17.7,54.4
146,전주,2021-04-26,16.7,48.8
146,전주,2021-04-27,16.6,50.9
146,전주,2021-04-28,16.9,56.9
146,전주,2021-04-29,16.6,52.3
146,전주,2021-04-30,12.9,68.5
146,전주,2021-05-01,10.3,78.6
146,전주,2021-05-02,11.6,71.1
146,전주,2021-05-03,14.4,61.1
146,전주,2021-05-04,17.6,74.5
146,전주,2021-05-05,14,59.6
146,전주,2021-05-06,16.7,42.4
146,전주,2021-05-07,15.4,51
146,전주,2021-05-08,16.1,57.8
146,전주,2021-05-09,16.2,50.9
146,전주,2021-05-10,13.6,75.4
146,전주,2021-05-11,16.9,78
146,전주,2021-05-12,21.6,53.1
146,전주,2021-05-13,21.6,64.5
146,전주,2021-05-14,22.3,68.3
146,전주,2021-05-15,22.9,80.1
146,전주,2021-05-16,21.1,93.4
146,전주,2021-05-17,15.6,92.1
146,전주,2021-05-18,17.9,78
146,전주,2021-05-19,20.6,61.6
146,전주,2021-05-20,17.3,81.1
146,전주,2021-05-21,15.3,84.5
146,전주,2021-05-22,18.6,69.4
146,전주,2021-05-23,20.8,64.8
146,전주,2021-05-24,18.8,65.3
146,전주,2021-05-25,16,65.8
146,전주,2021-05-26,18.9,53.1
146,전주,2021-05-27,16.5,80.3
146,전주,2021-05-28,17.7,73.5
146,전주,2021-05-29,18.6,64.4
146,전주,2021-05-30,21.7,58.8
146,전주,2021-05-31,21.2,60
146,전주,2021-06-01,22.8,54
146,전주,2021-06-02,24.4,54.1
146,전주,2021-06-03,19.1,87
146,전주,2021-06-04,18.7,68.4
146,전주,2021-06-05,21.3,68.8
146,전주,2021-06-06,23.4,60.6
146,전주,2021-06-07,24.3,53.3
146,전주,2021-06-08,25.2,62.1
146,전주,2021-06-09,26.7,58.6
146,전주,2021-06-10,24.6,62.5
146,전주,2021-06-11,23.1,80.5
146,전주,2021-06-12,23.8,78.1
146,전주,2021-06-13,21.5,85.4
146,전주,2021-06-14,22.3,84.9
146,전주,2021-06-15,20.9,88.1
146,전주,2021-06-16,23.1,70.8
146,전주,2021-06-17,21.7,78.6
146,전주,2021-06-18,21.3,87.5
146,전주,2021-06-19,22.3,74.8
146,전주,2021-06-20,24.3,60.9
146,전주,2021-06-21,23.9,63.6
146,전주,2021-06-22,23.4,66.6
146,전주,2021-06-23,22.2,76.8
146,전주,2021-06-24,22.7,73.9
146,전주,2021-06-25,23.5,73.8
146,전주,2021-06-26,23.6,73.9
146,전주,2021-06-27,25,66
146,전주,2021-06-28,23,81.6
146,전주,2021-06-29,23.5,81.4
146,전주,2021-06-30,24.9,72.4
146,전주,2021-07-01,25.8,75.5
146,전주,2021-07-02,26.1,76.6
146,전주,2021-07-03,23.8,83.6
146,전주,2021-07-04,23.4,84.4
146,전주,2021-07-05,22.2,88.3
146,전주,2021-07-06,23.2,94.6
146,전주,2021-07-07,25.3,91.1
146,전주,2021-07-08,24.8,87.4
146,전주,2021-07-09,26,79.5
146,전주,2021-07-10,26.2,77.5
146,전주,2021-07-11,26.9,80.3
146,전주,2021-07-12,28.6,75.9
146,전주,2021-07-13,29.2,67.1
146,전주,2021-07-14,29,71
146,전주,2021-07-15,29,68.9
146,전주,2021-07-16,27.2,74.9
146,전주,2021-07-17,26.3,76.9
146,전주,2021-07-18,25.7,82.5
146,전주,2021-07-19,26.6,76.9
146,전주,2021-07-20,27.4,76.4
146,전주,2021-07-21,28.9,65.6
146,전주,2021-07-22,29,61.8
146,전주,2021-07-23,29.2,62.9
146,전주,2021-07-24,29.9,61.9
146,전주,2021-07-25,29.6,57.5
146,전주,2021-07-26,29.4,58.1
146,전주,2021-07-27,29.3,63.8
146,전주,2021-07-28,29,70
146,전주,2021-07-29,28.8,71.6
146,전주,2021-07-30,29.2,69.6
146,전주,2021-07-31,28.9,72.1
146,전주,2021-08-01,27,82.3
146,전주,2021-08-02,25.9,88.5
146,전주,2021-08-03,27.5,80.9
146,전주,2021-08-04,28.7,73.5
146,전주,2021-08-05,28.6,73.5
146,전주,2021-08-06,28.1,74.5
146,전주,2021-08-07,27.6,73.5
146,전주,2021-08-08,26.6,81
146,전주,2021-08-09,27.5,69.5
146,전주,2021-08-10,27.4,73
146,전주,2021-08-11,27.9,66.4
146,전주,2021-08-12,25.8,79.6
146,전주,2021-08-13,26.1,76.9
146,전주,2021-08-14,25.3,76.6
146,전주,2021-08-15,26.5,67
146,전주,2021-08-16,26.6,62.3
146,전주,2021-08-17,25.9,64.8
146,전주,2021-08-18,24.3,75.3
146,전주,2021-08-19,24,76.4
146,전주,2021-08-20,26.3,66
146,전주,2021-08-21,24.5,86.3
146,전주,2021-08-22,25.7,78.3
146,전주,2021-08-23,23.5,93
146,전주,2021-08-24,25.3,87.5
146,전주,2021-08-25,24.8,87.9
146,전주,2021-08-26,26.3,78.1
146,전주,2021-08-27,21.7,94.3
146,전주,2021-08-28,23.6,81.8
146,전주,2021-08-29,22.7,87.5
146,전주,2021-08-30,24.1,82.6
146,전주,2021-08-31,26.2,79
146,전주,2021-09-01,24.3,83.8
146,전주,2021-09-02,23.1,81.5
146,전주,2021-09-03,23.6,75.8
146,전주,2021-09-04,23.8,72.1
146,전주,2021-09-05,21.5,83
146,전주,2021-09-06,20.9,86.5
146,전주,2021-09-07,22.3,83.4
146,전주,2021-09-08,22.4,79.4
146,전주,2021-09-09,23.3,75.6
146,전주,2021-09-10,23.6,77.9
146,전주,2021-09-11,24.7,74.9
146,전주,2021-09-12,24.7,77.8
146,전주,2021-09-13,24.3,66.8
146,전주,2021-09-14,23.8,67.1
146,전주,2021-09-15,24.4,55.9
146,전주,2021-09-16,23.2,65.5
146,전주,2021-09-17,21.3,82.8
146,전주,2021-09-18,23,72
146,전주,2021-09-19,23.6,67.4
146,전주,2021-09-20,24,66.3
146,전주,2021-09-21,23,79.9
146,전주,2021-09-22,23.4,70.8
146,전주,2021-09-23,21.2,69.8
146,전주,2021-09-24,21.3,68.1
146,전주,2021-09-25,21.5,72
146,전주,2021-09-26,22.1,68.5
146,전주,2021-09-27,22.7,65.4
146,전주,2021-09-28,22.3,76.4
146,전주,2021-09-29,21.7,90.5
146,전주,2021-09-30,22.3,76.5
146,전주,2021-10-01,21.8,78.8
146,전주,2021-10-02,22.4,73.5
146,전주,2021-10-03,24.5,58.1
146,전주,2021-10-04,25.2,66.6
146,전주,2021-10-05,23.6,74.4
146,전주,2021-10-06,23.2,68.6
146,전주,2021-10-07,21.3,82.8
146,전주,2021-10-08,20.7,88.6
146,전주,2021-10-09,24,73.3
146,전주,2021-10-10,24.1,73.9
146,전주,2021-10-11,14.9,89.4
146,전주,2021-10-12,16.1,92.3
146,전주,2021-10-13,19.9,79.3
146,전주,2021-10-14,20.4,77.9
146,전주,2021-10-15,18.3,86.6
146,전주,2021-10-16,12.8,64.3
146,전주,2021-10-17,6.7,44.3
146,전주,2021-10-18,10.2,59.4
146,전주,2021-10-19,11.4,73.8
146,전주,2021-10-20,9.9,67.6
146,전주,2021-10-21,10.4,66.9
146,전주,2021-10-22,10.7,63
146,전주,2021-10-23,11.6,59
146,전주,2021-10-24,11.9,62.1
146,전주,2021-10-25,12,68
146,전주,2021-10-26,12.7,66.4
146,전주,2021-10-27,13.5,70
146,전주,2021-10-28,12.3,61.5
146,전주,2021-10-29,14.6,58.5
146,전주,2021-10-30,14.1,64.6
146,전주,2021-10-31,14.3,68.8
146,전주,2021-11-01,14.1,72.3
146,전주,2021-11-02,11.9,70.8
146,전주,2021-11-03,11.5,69.4
146,전주,2021-11-04,13.6,70.9
146,전주,2021-11-05,13.8,62.6
146,전주,2021-11-06,15,54.3
146,전주,2021-11-07,16.2,55.5
146,전주,2021-11-08,11,72.6
146,전주,2021-11-09,8,76.1
146,전주,2021-11-10,6.8,88.1
146,전주,2021-11-11,7.4,77.1
146,전주,2021-11-12,5.8,86.4
146,전주,2021-11-13,8.9,74.1
146,전주,2021-11-14,11.3,68.3
146,전주,2021-11-15,10.8,73.1
146,전주,2021-11-16,9.6,67.6
146,전주,2021-11-17,8.6,65.5
146,전주,2021-11-18,11,70.8
146,전주,2021-11-19,12.4,80.4
146,전주,2021-11-20,10.8,88.5
146,전주,2021-11-21,12,79
146,전주,2021-11-22,5.9,74.1
146,전주,2021-11-23,2.8,81.5
146,전주,2021-11-24,6.8,72.5
146,전주,2021-11-25,9.6,63.6
146,전주,2021-11-26,5.9,63.9
146,전주,2021-11-27,5.1,60.6
146,전주,2021-11-28,6.5,53
146,전주,2021-11-29,8.4,55.9
146,전주,2021-11-30,8.8,79.9
146,전주,2021-12-01,1.8,62.6
146,전주,2021-12-02,4,62.9
146,전주,2021-12-03,4.9,68
146,전주,2021-12-04,3.4,63.4
146,전주,2021-12-05,3.5,65.6
146,전주,2021-12-06,7,68.8
146,전주,2021-12-07,6.4,72
146,전주,2021-12-08,6.6,71.1
146,전주,2021-12-09,8.3,63
146,전주,2021-12-10,9.3,80.6
146,전주,2021-12-11,7.5,81.4
146,전주,2021-12-12,4.7,66.9
146,전주,2021-12-13,-.6,46.9
146,전주,2021-12-14,4.4,59.8
146,전주,2021-12-15,9.1,70.5
146,전주,2021-12-16,8,75.4
146,전주,2021-12-17,-1,60.8
146,전주,2021-12-18,-2.3,62.6
146,전주,2021-12-19,2.7,66.4
146,전주,2021-12-20,7.4,61.9
146,전주,2021-12-21,7.2,77.4
146,전주,2021-12-22,3.8,61.1
146,전주,2021-12-23,3.8,53.6
146,전주,2021-12-24,3.1,65.5
146,전주,2021-12-25,-5.8,56.1
146,전주,2021-12-26,-7.5,55.1
146,전주,2021-12-27,-2.6,61.8
146,전주,2021-12-28,3.3,65.4
146,전주,2021-12-29,4.8,64
146,전주,2021-12-30,.3,63.3
146,전주,2021-12-31,-3.1,53.3
172,고창,2021-01-01,-1.5,80.9
172,고창,2021-01-02,-2.2,73.3
172,고창,2021-01-03,-2.7,64.6
172,고창,2021-01-04,-2,80.6
172,고창,2021-01-05,-1.5,72.6
172,고창,2021-01-06,-3.8,73.1
172,고창,2021-01-07,-10.1,84.6
172,고창,2021-01-08,-13,75.5
172,고창,2021-01-09,-10.6,69
172,고창,2021-01-10,-7.7,81.1
172,고창,2021-01-11,-5,74.4
172,고창,2021-01-12,-1,81
172,고창,2021-01-13,4.4,70.5
172,고창,2021-01-14,5,75.6
172,고창,2021-01-15,8.8,76.3
172,고창,2021-01-16,-.6,67.3
172,고창,2021-01-17,-2.7,74
172,고창,2021-01-18,.5,75.4
172,고창,2021-01-19,-3.6,55.5
172,고창,2021-01-20,2.7,58.4
172,고창,2021-01-21,8.4,77.8
172,고창,2021-01-22,7.5,96.6
172,고창,2021-01-23,7.6,96.6
172,고창,2021-01-24,7.8,79.6
172,고창,2021-01-25,6.5,75.9
172,고창,2021-01-26,5.7,85.4
172,고창,2021-01-27,2.9,60.4
172,고창,2021-01-28,-.6,76.5
172,고창,2021-01-29,-5.3,78.8
172,고창,2021-01-30,1.6,76.1
172,고창,2021-01-31,5.6,71.3
172,고창,2021-02-01,8.1,81.1
172,고창,2021-02-02,-2.2,54.6
172,고창,2021-02-03,.3,57.5
172,고창,2021-02-05,1.3,57.1
172,고창,2021-02-06,5.7,79
172,고창,2021-02-07,4.8,78.5
172,고창,2021-02-08,-1,54.4
172,고창,2021-02-09,-.4,54.4
172,고창,2021-02-10,1.7,75.1
172,고창,2021-02-11,4,78.8
172,고창,2021-02-12,6,64.5
172,고창,2021-02-13,5.8,65.5
172,고창,2021-02-14,8,72.6
172,고창,2021-02-15,2.6,71.8
172,고창,2021-02-16,-.8,67.3
172,고창,2021-02-17,-4.9,75.6
172,고창,2021-02-18,-2.5,69.9
172,고창,2021-02-19,3.9,68.8
172,고창,2021-02-20,10.8,69
172,고창,2021-02-21,15,49.9
172,고창,2021-02-22,8.8,71.5
172,고창,2021-02-23,.9,57.3
172,고창,2021-02-24,1,57.6
172,고창,2021-02-25,2.5,86.5
172,고창,2021-02-26,8.1,67.1
172,고창,2021-02-27,8.4,49.9
172,고창,2021-02-28,7.4,71.6
172,고창,2021-03-01,10.5,84.5
172,고창,2021-03-02,3,76
172,고창,2021-03-03,4.2,70.3
172,고창,2021-03-04,7.4,74.5
172,고창,2021-03-05,8,74.5
172,고창,2021-03-06,6.3,85
172,고창,2021-03-07,7.4,73.5
172,고창,2021-03-08,6.3,70.4
172,고창,2021-03-09,5.3,65.8
172,고창,2021-03-10,7,63.8
172,고창,2021-03-11,9,66
172,고창,2021-03-12,8,88.3
172,고창,2021-03-13,6.6,79.8
172,고창,2021-03-14,6.6,76.4
172,고창,2021-03-15,10.2,67.4
172,고창,2021-03-16,7.6,69.9
172,고창,2021-03-17,5.3,67.1
172,고창,2021-03-18,8,67.1
172,고창,2021-03-19,10.9,61
172,고창,2021-03-20,8.1,84.3
172,고창,2021-03-21,5.9,59.6
172,고창,2021-03-22,6.4,50.8
172,고창,2021-03-23,8.6,59.9
172,고창,2021-03-24,10.8,55.5
172,고창,2021-03-25,9.4,77.1
172,고창,2021-03-26,10.9,64.5
172,고창,2021-03-27,14.5,78.4
172,고창,2021-03-28,10.8,84.3
172,고창,2021-03-29,11.1,70.6
172,고창,2021-03-30,10.4,60.3
172,고창,2021-03-31,11.7,58.4
172,고창,2021-04-01,15.4,41.1
172,고창,2021-04-02,19.1,42.3
172,고창,2021-04-03,16.2,80.1
172,고창,2021-04-04,9.6,89.6
172,고창,2021-04-05,9.5,62.8
172,고창,2021-04-06,9.7,59.9
172,고창,2021-04-07,10.8,60.5
172,고창,2021-04-08,9.6,54
172,고창,2021-04-09,10.2,50.6
172,고창,2021-04-10,11.8,56.5
172,고창,2021-04-11,14.5,38.8
172,고창,2021-04-12,13.7,68.8
172,고창,2021-04-13,8.4,74
172,고창,2021-04-14,7.5,54.6
172,고창,2021-04-15,9.7,48.8
172,고창,2021-04-16,12.1,66
172,고창,2021-04-17,9.9,55.3
172,고창,2021-04-18,9.1,56.1
172,고창,2021-04-19,10.2,62.8
172,고창,2021-04-20,12.2,50
172,고창,2021-04-21,15.9,51.9
172,고창,2021-04-22,19.2,38.4
172,고창,2021-04-23,21.8,27
172,고창,2021-04-24,17.6,37.5
172,고창,2021-04-25,15.8,56.8
172,고창,2021-04-26,14.9,52.8
172,고창,2021-04-27,16.2,46.1
172,고창,2021-04-28,15.9,64.1
172,고창,2021-04-29,16,49.5
172,고창,2021-04-30,13.1,61.6
172,고창,2021-05-01,9.7,72.9
172,고창,2021-05-02,10.1,72.4
172,고창,2021-05-03,13.7,63
172,고창,2021-05-04,17.1,76.3
172,고창,2021-05-05,12.9,61.3
172,고창,2021-05-06,15.2,42.8
172,고창,2021-05-07,15,53.6
172,고창,2021-05-08,14.7,61.1
172,고창,2021-05-09,15,55.8
172,고창,2021-05-10,16.7,40.4
172,고창,2021-05-11,19,41.5
172,고창,2021-05-12,21.1,41.3
172,고창,2021-05-13,20,57.5
172,고창,2021-05-14,21.2,63
172,고창,2021-05-15,22.2,79.9
172,고창,2021-05-16,20.3,92.4
172,고창,2021-05-17,14.8,93.5
172,고창,2021-05-18,16.9,81.6
172,고창,2021-05-19,19.4,67.6
172,고창,2021-05-20,15.7,87.8
172,고창,2021-05-21,15.5,78.8
172,고창,2021-05-22,17.3,71.6
172,고창,2021-05-23,19.6,68.3
172,고창,2021-05-24,17.6,72.6
172,고창,2021-05-25,16.4,65.6
172,고창,2021-05-26,18.1,55.9
172,고창,2021-05-27,16.2,76.9
172,고창,2021-05-28,17.6,75.5
172,고창,2021-05-29,18.1,68
172,고창,2021-05-30,21.5,51.5
172,고창,2021-05-31,22.4,47.9
172,고창,2021-06-01,22.9,50.9
172,고창,2021-06-02,24,53.1
172,고창,2021-06-03,19.8,86.4
172,고창,2021-06-04,18.9,67.8
172,고창,2021-06-05,20.8,71.6
172,고창,2021-06-06,23,55.1
172,고창,2021-06-07,23.9,57.1
172,고창,2021-06-08,24.1,71.9
172,고창,2021-06-09,25.7,64.5
172,고창,2021-06-10,23.7,65.4
172,고창,2021-06-11,22.3,87.1
172,고창,2021-06-12,22.3,84
172,고창,2021-06-13,20.3,88.3
172,고창,2021-06-14,21.3,86.6
172,고창,2021-06-15,20.7,86
172,고창,2021-06-16,24,68.9
172,고창,2021-06-17,21.8,82.9
172,고창,2021-06-18,20.9,91.1
172,고창,2021-06-19,21.9,81.3
172,고창,2021-06-20,23.6,63.9
172,고창,2021-06-21,23.2,68.5
172,고창,2021-06-22,23,74.5
172,고창,2021-06-23,22.4,77.8
172,고창,2021-06-24,22.4,78.4
172,고창,2021-06-25,23.6,74.8
172,고창,2021-06-26,24.6,70.5
172,고창,2021-06-27,24.4,71.1
172,고창,2021-06-28,23.7,81.5
172,고창,2021-06-29,22.9,83.6
172,고창,2021-06-30,24,77.1
172,고창,2021-07-01,25,78.6
172,고창,2021-07-02,25.6,79
172,고창,2021-07-03,23.9,84.8
172,고창,2021-07-04,22.5,88.8
172,고창,2021-07-05,21.5,92
172,고창,2021-07-06,23.4,94.5
172,고창,2021-07-07,25.8,94.1
172,고창,2021-07-08,24.8,90.1
172,고창,2021-07-09,25.8,85.3
172,고창,2021-07-10,26.5,81.3
172,고창,2021-07-11,26.7,82.1
172,고창,2021-07-12,28.3,76.8
172,고창,2021-07-13,28.6,73.9
172,고창,2021-07-14,28.3,76.3
172,고창,2021-07-15,28.8,71.8
172,고창,2021-07-16,27.1,79.9
172,고창,2021-07-17,25.4,83.5
172,고창,2021-07-18,26.5,77.8
172,고창,2021-07-19,27.3,75
172,고창,2021-07-20,27.4,77.8
172,고창,2021-07-21,28.6,70.8
172,고창,2021-07-22,28.3,69.8
172,고창,2021-07-23,28.5,70.9
172,고창,2021-07-24,28.8,68.8
172,고창,2021-07-25,28.7,62.4
172,고창,2021-07-26,29,62.6
172,고창,2021-07-27,28.2,68.4
172,고창,2021-07-28,28.4,73.4
172,고창,2021-07-29,28.5,73.5
172,고창,2021-07-30,27.7,75.4
172,고창,2021-07-31,28.4,78.9
172,고창,2021-08-01,27.3,82.6
172,고창,2021-08-02,26,88.6
172,고창,2021-08-03,27.4,77.6
172,고창,2021-08-04,28,77
172,고창,2021-08-05,28.3,75.8
172,고창,2021-08-06,27.9,77.3
172,고창,2021-08-07,26.7,77.4
172,고창,2021-08-08,25.8,84
172,고창,2021-08-09,26.9,74.9
172,고창,2021-08-10,26.6,76.8
172,고창,2021-08-11,26.8,73
172,고창,2021-08-12,26,80.5
172,고창,2021-08-13,25.6,80.9
172,고창,2021-08-14,24.4,84.5
172,고창,2021-08-15,25.1,77.3
172,고창,2021-08-16,26.1,74.4
172,고창,2021-08-17,25.4,73.1
172,고창,2021-08-18,22.7,85
172,고창,2021-08-19,23.1,81.1
172,고창,2021-08-20,25.9,68.5
172,고창,2021-08-21,25.2,83.8
172,고창,2021-08-22,25.4,80.9
172,고창,2021-08-23,24.6,87.9
172,고창,2021-08-24,25.6,88.1
172,고창,2021-08-25,25.7,85.9
172,고창,2021-08-26,25.9,79.3
172,고창,2021-08-27,22.1,92.1
172,고창,2021-08-28,23.8,81
172,고창,2021-09-01,24.4,87.1
172,고창,2021-09-02,21.9,87.1
172,고창,2021-09-03,23.3,84.5
172,고창,2021-09-04,23.8,80.6
172,고창,2021-09-05,21.5,85.9
172,고창,2021-09-06,21.1,83.3
172,고창,2021-09-07,22.5,84.3
172,고창,2021-09-08,21.9,80.8
172,고창,2021-09-09,22.3,84.4
172,고창,2021-09-10,22.3,88.4
172,고창,2021-09-11,23.9,82.5
172,고창,2021-09-12,23.6,83.9
172,고창,2021-09-13,23.6,73.9
172,고창,2021-09-14,22,82.5
172,고창,2021-09-15,23.8,64.3
172,고창,2021-09-16,21.9,74.9
172,고창,2021-09-17,21.3,87.6
172,고창,2021-09-18,21.6,82.4
172,고창,2021-09-19,22.4,83.8
172,고창,2021-09-20,24.2,69.9
172,고창,2021-09-21,22.6,84
172,고창,2021-09-22,22.9,81.8
172,고창,2021-09-23,19.8,76
172,고창,2021-09-24,20,78.3
172,고창,2021-09-25,21.2,80
172,고창,2021-09-26,22.1,75.3
172,고창,2021-09-27,22.8,74.6
172,고창,2021-09-28,22.4,78.8
172,고창,2021-09-29,22.1,89.5
172,고창,2021-09-30,21.3,84.9
172,고창,2021-10-01,20.8,84
172,고창,2021-10-02,21.7,83.3
172,고창,2021-10-03,24.1,68.5
172,고창,2021-10-04,25.3,73.1
172,고창,2021-10-05,23.4,77.8
172,고창,2021-10-06,21.9,77.8
172,고창,2021-10-07,21.1,86.8
172,고창,2021-10-08,20.2,92.1
172,고창,2021-10-09,23.6,77.1
172,고창,2021-10-10,24.1,77.1
172,고창,2021-10-11,14.1,91.3
172,고창,2021-10-12,16,95.8
172,고창,2021-10-13,19.8,84.6
172,고창,2021-10-14,21.1,81.3
172,고창,2021-10-15,18.2,87.3
172,고창,2021-10-16,13.1,67.6
172,고창,2021-10-17,7,53.5
172,고창,2021-10-18,9.9,60.6
172,고창,2021-10-19,11.1,75.3
172,고창,2021-10-20,9.2,68.6
172,고창,2021-10-21,9,77.6
172,고창,2021-10-22,9.6,68.8
172,고창,2021-10-23,10.1,69.3
172,고창,2021-10-24,10.8,73.8
172,고창,2021-10-25,11.2,77.5
172,고창,2021-10-26,11.3,77.1
172,고창,2021-10-27,11.7,77.1
172,고창,2021-10-28,11.2,69.9
172,고창,2021-10-29,12.8,71.9
172,고창,2021-10-30,13.2,73.5
172,고창,2021-10-31,12.9,75.9
172,고창,2021-11-01,12.6,80.6
172,고창,2021-11-02,10.4,81
172,고창,2021-11-03,9.9,79.6
172,고창,2021-11-04,12.3,83
172,고창,2021-11-05,12,77.9
172,고창,2021-11-06,13.7,64.6
172,고창,2021-11-07,15.4,61.3
172,고창,2021-11-08,11.1,72.3
172,고창,2021-11-09,9.5,58
172,고창,2021-11-10,8.4,79.9
172,고창,2021-11-11,7.8,82.1
172,고창,2021-11-12,7.4,73.3
172,고창,2021-11-13,8.6,77.4
172,고창,2021-11-14,10.4,75.3
172,고창,2021-11-15,9.2,80.4
172,고창,2021-11-16,8.1,75.3
172,고창,2021-11-17,7.7,77.8
172,고창,2021-11-18,9.2,82.6
172,고창,2021-11-19,10,88.1
172,고창,2021-11-20,9.3,94
172,고창,2021-11-21,11.2,85
172,고창,2021-11-22,6.7,69.8
172,고창,2021-11-23,4.3,81.6
172,고창,2021-11-24,8.7,63.1
172,고창,2021-11-25,9.6,66.5
172,고창,2021-11-26,5.4,69.6
172,고창,2021-11-27,4.2,68.8
172,고창,2021-11-28,5.1,70.1
172,고창,2021-11-29,8,68
172,고창,2021-11-30,9.3,74.9
172,고창,2021-12-01,1.8,77.3
172,고창,2021-12-02,3.9,70.9
172,고창,2021-12-03,5.1,75.4
172,고창,2021-12-04,3.9,71.9
172,고창,2021-12-05,2.7,73.1
172,고창,2021-12-06,5.4,77.1
172,고창,2021-12-07,5,79.3
172,고창,2021-12-08,5.4,79
172,고창,2021-12-09,7.5,74.6
172,고창,2021-12-10,10.2,77.1
172,고창,2021-12-11,6.9,83.6
172,고창,2021-12-12,5.1,72.9
172,고창,2021-12-13,-.5,60.5
172,고창,2021-12-14,3.5,70.4
172,고창,2021-12-15,7.5,76.6
172,고창,2021-12-16,6.8,88.5
172,고창,2021-12-17,-.4,70.3
172,고창,2021-12-18,-3,71.4
172,고창,2021-12-19,3.2,65.1
172,고창,2021-12-20,7.4,63.4
172,고창,2021-12-21,6.3,81.4
172,고창,2021-12-22,2.9,62.9
172,고창,2021-12-23,2.8,62.4
172,고창,2021-12-24,2.1,68.8
172,고창,2021-12-25,-5.4,78.1
172,고창,2021-12-26,-7.7,71.4
172,고창,2021-12-27,-4.1,70
172,고창,2021-12-28,1.8,77.3
172,고창,2021-12-29,3.6,70.3
172,고창,2021-12-30,1.1,67.6
172,고창,2021-12-31,-3.3,75.1
243,부안,2021-01-01,-1.6,82.6
243,부안,2021-01-02,-1.8,73.9
243,부안,2021-01-03,-2.4,68.9
243,부안,2021-01-04,-2.1,80.6
243,부안,2021-01-05,-1,71.5
243,부안,2021-01-06,-3.3,68
243,부안,2021-01-07,-9.3,77.5
243,부안,2021-01-08,-13.2,74.5
243,부안,2021-01-09,-11.5,70.6
243,부안,2021-01-10,-7,77.9
243,부안,2021-01-11,-4.9,74.5
243,부안,2021-01-12,-1.8,85.6
243,부안,2021-01-13,4.4,76.3
243,부안,2021-01-14,2.6,85.8
243,부안,2021-01-15,6.6,84.8
243,부안,2021-01-16,-.5,69.4
243,부안,2021-01-17,-1.7,69.5
243,부안,2021-01-18,.9,78.4
243,부안,2021-01-19,-3.6,59.5
243,부안,2021-01-20,1.3,62.8
243,부안,2021-01-21,6.4,83.5
243,부안,2021-01-22,7.4,99.9
243,부안,2021-01-23,8.8,89
243,부안,2021-01-24,7.9,75.4
243,부안,2021-01-25,6.9,78.1
243,부안,2021-01-26,5.8,90.9
243,부안,2021-01-27,3.4,66
243,부안,2021-01-28,.1,73.1
243,부안,2021-01-29,-4.3,77
243,부안,2021-01-30,2,81.8
243,부안,2021-01-31,6,76.8
243,부안,2021-02-01,8.3,85.5
243,부안,2021-02-02,-1.5,57.4
243,부안,2021-02-03,0,65.3
243,부안,2021-02-04,.6,64.4
243,부안,2021-02-05,2.3,58.5
243,부안,2021-02-06,6.5,82.8
243,부안,2021-02-07,4.9,82.5
243,부안,2021-02-08,-.6,60.8
243,부안,2021-02-09,-.5,63.8
243,부안,2021-02-10,3.1,72
243,부안,2021-02-11,4.6,81.3
243,부안,2021-02-12,5.4,78.9
243,부안,2021-02-13,5.3,74.5
243,부안,2021-02-14,8.2,75.9
243,부안,2021-02-15,3.2,74.4
243,부안,2021-02-16,-.4,70.8
243,부안,2021-02-17,-4.6,78.9
243,부안,2021-02-18,-1.9,68.9
243,부안,2021-02-19,4.2,72.1
243,부안,2021-02-20,11,73.6
243,부안,2021-02-21,15.3,50.9
243,부안,2021-02-22,8.7,74
243,부안,2021-02-23,1.6,57.5
243,부안,2021-02-24,2.6,61.9
243,부안,2021-02-25,3.2,87.6
243,부안,2021-02-26,9.5,59.3
243,부안,2021-02-27,9.3,52.6
243,부안,2021-02-28,7.4,74.9
243,부안,2021-03-01,10.7,93.5
243,부안,2021-03-02,3.9,83
243,부안,2021-03-03,4.3,77.8
243,부안,2021-03-04,7.1,83.5
243,부안,2021-03-05,7.5,85.8
243,부안,2021-03-06,6.2,94
243,부안,2021-03-07,7.5,83.8
243,부안,2021-03-08,6.5,79
243,부안,2021-03-09,5.9,75.4
243,부안,2021-03-10,6.6,78.4
243,부안,2021-03-11,9.2,74.1
243,부안,2021-03-12,8.5,92.1
243,부안,2021-03-13,7.3,84.6
243,부안,2021-03-14,7,90.3
243,부안,2021-03-15,10.8,78.8
243,부안,2021-03-16,8.2,76.4
243,부안,2021-03-17,5.9,74.8
243,부안,2021-03-18,8.4,70.1
243,부안,2021-03-19,11.2,67.8
243,부안,2021-03-20,8.3,91.3
243,부안,2021-03-21,6.5,72
243,부안,2021-03-22,7,66.6
243,부안,2021-03-23,9.4,70.8
243,부안,2021-03-24,10.8,65.3
243,부안,2021-03-25,9.4,83.8
243,부안,2021-03-26,10.1,80.1
243,부안,2021-03-27,13.5,86
243,부안,2021-03-28,10.7,91.8
243,부안,2021-03-29,10.8,80.3
243,부안,2021-03-30,10.6,67.9
243,부안,2021-03-31,11.7,61.4
243,부안,2021-04-01,15.6,50.3
243,부안,2021-04-02,17.8,52.3
243,부안,2021-04-03,16.3,85.9
243,부안,2021-04-04,10.7,91.6
243,부안,2021-04-05,10.2,69.1
243,부안,2021-04-06,10.6,66.4
243,부안,2021-04-07,11.3,72.9
243,부안,2021-04-08,11.1,65.6
243,부안,2021-04-09,10.8,60.1
243,부안,2021-04-10,11.3,71.4
243,부안,2021-04-11,13.4,66.8
243,부안,2021-04-12,13.7,81.1
243,부안,2021-04-13,8.9,82
243,부안,2021-04-14,8,63.5
243,부안,2021-04-15,9.7,66.3
243,부안,2021-04-16,11.4,80.6
243,부안,2021-04-17,10.3,66.9
243,부안,2021-04-18,9.7,68.4
243,부안,2021-04-19,11.3,67.4
243,부안,2021-04-20,12.9,59.6
243,부안,2021-04-21,16,59.9
243,부안,2021-04-22,19.2,48
243,부안,2021-04-23,21.2,35.5
243,부안,2021-04-24,16.8,52.4
243,부안,2021-04-25,15.9,69.8
243,부안,2021-04-26,15,67.9
243,부안,2021-04-27,15.7,64.6
243,부안,2021-04-28,15.2,81.3
243,부안,2021-04-29,14.9,68.8
243,부안,2021-04-30,12.5,78
243,부안,2021-05-01,11,80.1
243,부안,2021-05-02,11.4,76.6
243,부안,2021-05-03,13.1,76.3
243,부안,2021-05-04,17.6,80.9
243,부안,2021-05-05,13.4,73.3
243,부안,2021-05-06,16.3,47.8
243,부안,2021-05-07,15.1,59.6
243,부안,2021-05-08,15.7,64.5
243,부안,2021-05-09,15.2,60.1
243,부안,2021-05-10,13.8,79.5
243,부안,2021-05-11,17.8,77.3
243,부안,2021-05-12,19.7,59.9
243,부안,2021-05-13,19.8,71.6
243,부안,2021-05-14,20.1,79.4
243,부안,2021-05-15,22.8,87
243,부안,2021-05-16,20.7,97.9
243,부안,2021-05-17,15.2,96.6
243,부안,2021-05-18,16.9,85.9
243,부안,2021-05-19,18.9,72
243,부안,2021-05-20,16.6,91
243,부안,2021-05-21,15.6,87.4
243,부안,2021-05-22,17.2,78.5
243,부안,2021-05-23,19.5,72.5
243,부안,2021-05-24,17.4,76.9
243,부안,2021-05-25,15.7,78.6
243,부안,2021-05-26,18.7,62.3
243,부안,2021-05-27,16.5,84.6
243,부안,2021-05-28,17.5,81.6
243,부안,2021-05-29,18.3,70.8
243,부안,2021-05-30,20.6,66
243,부안,2021-05-31,21,65.8
243,부안,2021-06-01,21.8,62.9
243,부안,2021-06-02,23.9,60.5
243,부안,2021-06-03,19.2,94.1
243,부안,2021-06-04,18.8,72.8
243,부안,2021-06-05,21.4,72.8
243,부안,2021-06-06,22.7,61.9
243,부안,2021-06-07,22.5,66.8
243,부안,2021-06-08,23.4,78.9
243,부안,2021-06-09,25,75.6
243,부안,2021-06-10,24.2,71.9
243,부안,2021-06-11,21.8,92.3
243,부안,2021-06-12,22,87.9
243,부안,2021-06-13,19.6,94
243,부안,2021-06-14,20.2,94.4
243,부안,2021-06-15,20.5,96.8
243,부안,2021-06-16,23.5,75
243,부안,2021-06-17,21.2,86.8
243,부안,2021-06-18,21.1,93.8
243,부안,2021-06-19,20.9,87.9
243,부안,2021-06-20,23.5,71.6
243,부안,2021-06-21,23,76.8
243,부안,2021-06-22,21.9,83.3
243,부안,2021-06-23,22.2,86.1
243,부안,2021-06-24,22.1,84.9
243,부안,2021-06-25,23.2,81
243,부안,2021-06-26,24.2,76.3
243,부안,2021-06-27,24.5,77.4
243,부안,2021-06-28,24.3,78.6
243,부안,2021-06-29,23.3,85.8
243,부안,2021-06-30,24.4,79.3
243,부안,2021-07-01,25.6,79.4
243,부안,2021-07-02,25.9,81
243,부안,2021-07-03,24,89.6
243,부안,2021-07-04,22.5,94
243,부안,2021-07-05,22,96.4
243,부안,2021-07-06,23.3,98.9
243,부안,2021-07-07,25.3,98.4
243,부안,2021-07-08,24,95.9
243,부안,2021-07-09,25.5,87.6
243,부안,2021-07-10,26.6,85.1
243,부안,2021-07-11,26.8,85.8
243,부안,2021-07-12,27.9,84.4
243,부안,2021-07-13,28.5,75.9
243,부안,2021-07-14,28.2,79.6
243,부안,2021-07-15,28.2,78.1
243,부안,2021-07-16,26.8,84.4
243,부안,2021-07-17,25.7,85.8
243,부안,2021-07-18,25.5,88.8
243,부안,2021-07-19,26.4,86.3
243,부안,2021-07-20,27.2,84
243,부안,2021-07-21,28.2,79.1
243,부안,2021-07-22,28.1,73
243,부안,2021-07-23,28,77.6
243,부안,2021-07-24,29,73.5
243,부안,2021-07-25,29.1,67.4
243,부안,2021-07-26,28.9,68.3
243,부안,2021-07-27,27.7,76
243,부안,2021-07-28,28,78
243,부안,2021-07-29,28.1,81.3
243,부안,2021-07-30,27.7,83
243,부안,2021-07-31,27.7,83.6
243,부안,2021-08-01,26.1,92.5
243,부안,2021-08-02,25.3,96
243,부안,2021-08-03,26.8,87.8
243,부안,2021-08-04,27.6,83.6
243,부안,2021-08-05,28.3,81.3
243,부안,2021-08-06,27.7,81.9
243,부안,2021-08-07,26.7,81.1
243,부안,2021-08-08,26.4,86.6
243,부안,2021-08-09,26.8,77.9
243,부안,2021-08-10,27,81
243,부안,2021-08-11,27,78.5
243,부안,2021-08-12,26,83.8
243,부안,2021-08-13,25.7,86.6
243,부안,2021-08-14,25.3,84.3
243,부안,2021-08-15,25.7,77.6
243,부안,2021-08-16,26.2,
243,부안,2021-08-17,25.6,69
243,부안,2021-08-18,23.6,80.5
243,부안,2021-08-19,24,82.6
243,부안,2021-08-20,25.7,72.4
243,부안,2021-08-21,24.6,87.8
243,부안,2021-08-22,25.2,83.1
243,부안,2021-08-23,23.5,95.4
243,부안,2021-08-24,24.9,90.6
243,부안,2021-08-25,23.8,94.9
243,부안,2021-08-26,25.3,85.9
243,부안,2021-08-27,21.5,95.1
243,부안,2021-08-28,23,83
243,부안,2021-08-29,22.4,88.9
243,부안,2021-08-30,23.4,86
243,부안,2021-08-31,25.3,85.1
243,부안,2021-09-01,24,86.8
243,부안,2021-09-02,22.4,86.4
243,부안,2021-09-03,23.5,80.9
243,부안,2021-09-04,23.2,80.8
243,부안,2021-09-05,21.3,87.1
243,부안,2021-09-06,20.6,89.5
243,부안,2021-09-07,22.2,85.9
243,부안,2021-09-08,22.2,
243,부안,2021-09-09,22.4,
243,부안,2021-09-10,22.8,
243,부안,2021-09-11,23.6,
243,부안,2021-09-12,23.8,76.3
243,부안,2021-09-13,23.8,68.1
243,부안,2021-09-14,23.2,64.3
243,부안,2021-09-15,24.3,51.5
243,부안,2021-09-16,22.7,60.9
243,부안,2021-09-17,20.6,80.8
243,부안,2021-09-18,21.7,73.4
243,부안,2021-09-19,22.7,74.1
243,부안,2021-09-20,23.8,63.5
243,부안,2021-09-21,22.8,73.4
243,부안,2021-09-22,22.8,71.4
243,부안,2021-09-23,20.6,64.1
243,부안,2021-09-24,20.4,67.4
243,부안,2021-09-25,21.1,69.4
243,부안,2021-09-26,21.8,65.1
243,부안,2021-09-27,22.6,62.3
243,부안,2021-09-28,21.6,78.6
243,부안,2021-09-29,21.6,88.4
243,부안,2021-09-30,21,80.5
243,부안,2021-10-01,20.6,78.1
243,부안,2021-10-02,21.6,77.9
243,부안,2021-10-03,23.8,61.1
243,부안,2021-10-04,24.8,68.1
243,부안,2021-10-05,23,72.9
243,부안,2021-10-06,21.9,73.3
243,부안,2021-10-07,20.8,81.1
243,부안,2021-10-08,20.4,87.3
243,부안,2021-10-09,23.6,71.1
243,부안,2021-10-10,23.4,
243,부안,2021-10-11,14.9,
243,부안,2021-10-12,16.2,
243,부안,2021-10-13,19.4,
243,부안,2021-10-14,20,85
243,부안,2021-10-15,18,90.3
243,부안,2021-10-16,13.1,68.4
243,부안,2021-10-17,7.1,57.4
243,부안,2021-10-18,10,67.1
243,부안,2021-10-19,11.6,75.5
243,부안,2021-10-20,9.6,70.3
243,부안,2021-10-21,10.1,73
243,부안,2021-10-22,10.9,64.3
243,부안,2021-10-23,11,67.1
243,부안,2021-10-24,11.6,72
243,부안,2021-10-25,11.8,76.3
243,부안,2021-10-26,12.2,76.8
243,부안,2021-10-27,13.4,74.3
243,부안,2021-10-28,11.7,72.4
243,부안,2021-10-29,13.5,67
243,부안,2021-10-30,13.3,74.5
243,부안,2021-10-31,13.4,75.5
243,부안,2021-11-01,13.3,79.3
243,부안,2021-11-02,11.9,76.5
243,부안,2021-11-03,11.2,77.8
243,부안,2021-11-04,13.6,78
243,부안,2021-11-05,12.7,77.5
243,부안,2021-11-06,13.6,68.9
243,부안,2021-11-07,15.4,65.1
243,부안,2021-11-08,11.8,69.9
243,부안,2021-11-09,9.7,64.8
243,부안,2021-11-10,9,77.4
243,부안,2021-11-11,8.2,76.1
243,부안,2021-11-12,6.6,85.5
243,부안,2021-11-13,9.7,74.4
243,부안,2021-11-14,11.3,73.8
243,부안,2021-11-15,10.2,82
243,부안,2021-11-16,9,78.9
243,부안,2021-11-17,8.4,76.6
243,부안,2021-11-18,11.1,78.1
243,부안,2021-11-19,12,86.6
243,부안,2021-11-20,9.8,96.3
243,부안,2021-11-21,11.3,89.9
243,부안,2021-11-22,6.7,74.9
243,부안,2021-11-23,3.4,91.1
243,부안,2021-11-24,7,79.8
243,부안,2021-11-25,9.6,72.1
243,부안,2021-11-26,5.5,70.9
243,부안,2021-11-27,4.4,74.5
243,부안,2021-11-28,5.2,73.3
243,부안,2021-11-29,7.2,73.8
243,부안,2021-11-30,8.7,76.5
243,부안,2021-12-01,1.7,83.1
243,부안,2021-12-02,4,73.1
243,부안,2021-12-03,6.4,63.4
243,부안,2021-12-04,2.9,76.5
243,부안,2021-12-05,2.6,76.6
243,부안,2021-12-06,5.4,76.5
243,부안,2021-12-07,5.6,82.3
243,부안,2021-12-08,6,83.1
243,부안,2021-12-09,7,77.6
243,부안,2021-12-10,8.6,86.4
243,부안,2021-12-11,6.7,89.4
243,부안,2021-12-12,5,71.8
243,부안,2021-12-13,.3,56.4
243,부안,2021-12-14,4.3,70.3
243,부안,2021-12-15,8.7,79.5
243,부안,2021-12-16,8,85.1
243,부안,2021-12-17,-.6,73.4
243,부안,2021-12-18,-3.1,74.5
243,부안,2021-12-19,3.5,69.4
243,부안,2021-12-20,7.2,70.4
243,부안,2021-12-21,7.2,80
243,부안,2021-12-22,2.6,71.1
243,부안,2021-12-23,3,66.5
243,부안,2021-12-24,3,69.5
243,부안,2021-12-25,-5,74.5
243,부안,2021-12-26,-6.4,66.4
243,부안,2021-12-27,-2.8,66.1
243,부안,2021-12-28,3.7,71.8
243,부안,2021-12-29,5.2,66.5
243,부안,2021-12-30,.6,73.1
243,부안,2021-12-31,-2.6,66.6
244,임실,2021-01-01,-5.8,86.9
244,임실,2021-01-02,-3.3,70
244,임실,2021-01-03,-4.1,67.6
244,임실,2021-01-04,-3.3,82.6
244,임실,2021-01-05,-2.6,70.3
244,임실,2021-01-06,-6.1,75.4
244,임실,2021-01-07,-11.8,69.5
244,임실,2021-01-08,-16,74.1
244,임실,2021-01-09,-13.8,72.8
244,임실,2021-01-10,-9.7,81
244,임실,2021-01-11,-6,82.8
244,임실,2021-01-12,-4.9,84.3
244,임실,2021-01-13,.6,81.1
244,임실,2021-01-14,3.2,76
244,임실,2021-01-15,5.4,84
244,임실,2021-01-16,-2.3,71.9
244,임실,2021-01-18,-2.1,81.9
244,임실,2021-01-19,-6.1,68.4
244,임실,2021-01-20,-2.5,74.5
244,임실,2021-01-21,4.2,87.3
244,임실,2021-01-22,7.1,98.3
244,임실,2021-01-23,8.1,84.3
244,임실,2021-01-24,5.4,78.3
244,임실,2021-01-25,5.9,72.5
244,임실,2021-01-26,4,94.6
244,임실,2021-01-27,2.8,56.9
244,임실,2021-01-28,-1.7,72.5
244,임실,2021-01-29,-6.2,65.9
244,임실,2021-01-30,-1.6,83.8
244,임실,2021-01-31,3.2,79
244,임실,2021-02-01,6.9,86.9
244,임실,2021-02-02,-3.1,50.6
244,임실,2021-02-03,-2.1,56.6
244,임실,2021-02-04,-1.4,60.6
244,임실,2021-02-05,-1.4,65.9
244,임실,2021-02-06,1.3,83.5
244,임실,2021-02-07,4.3,75.9
244,임실,2021-02-08,-2.1,55.3
244,임실,2021-02-09,-1.9,61.4
244,임실,2021-02-10,-.1,77.5
244,임실,2021-02-11,3.2,71.4
244,임실,2021-02-12,4.9,60.6
244,임실,2021-02-13,6,59.4
244,임실,2021-02-14,8.4,71.5
244,임실,2021-02-15,1.6,80.1
244,임실,2021-02-16,-1.9,64.8
244,임실,2021-02-17,-6.9,73.4
244,임실,2021-02-18,-5.1,67
244,임실,2021-02-19,.7,76.1
244,임실,2021-02-20,7.7,72.3
244,임실,2021-02-21,12.4,59
244,임실,2021-02-22,8.2,72.3
244,임실,2021-02-23,1.5,49.1
244,임실,2021-02-24,2.4,52.1
244,임실,2021-02-25,2.3,85.5
244,임실,2021-02-26,7.5,66.5
244,임실,2021-02-27,6.4,55.8
244,임실,2021-02-28,6.6,77.6
244,임실,2021-03-01,10.3,95.5
244,임실,2021-03-02,2.4,83.3
244,임실,2021-03-03,3,74.8
244,임실,2021-03-04,4.3,89.5
244,임실,2021-03-05,9,75
244,임실,2021-03-06,8.2,73.5
244,임실,2021-03-07,6.6,74.9
244,임실,2021-03-08,6.9,72.1
244,임실,2021-03-09,6.5,64.1
244,임실,2021-03-10,7.8,62.6
244,임실,2021-03-11,9.2,61
244,임실,2021-03-12,7.2,91.8
244,임실,2021-03-13,6.8,80.4
244,임실,2021-03-14,6.3,82.6
244,임실,2021-03-15,9.4,75
244,임실,2021-03-16,9.2,68.9
244,임실,2021-03-17,7.5,63.9
244,임실,2021-03-18,9.4,68.6
244,임실,2021-03-19,12.5,60
244,임실,2021-03-20,8.6,92.5
244,임실,2021-03-21,4.8,72.4
244,임실,2021-03-22,4.9,58.1
244,임실,2021-03-23,6.3,70.3
244,임실,2021-03-24,7.1,66
244,임실,2021-03-25,9.9,65.5
244,임실,2021-03-26,11.8,53.1
244,임실,2021-03-27,11.6,83.9
244,임실,2021-03-28,10.3,91.4
244,임실,2021-03-29,10.7,63
244,임실,2021-03-30,10.7,54.6
244,임실,2021-03-31,12,54
244,임실,2021-04-01,13.6,45.5
244,임실,2021-04-02,17.9,46.9
244,임실,2021-04-03,15.6,87.9
244,임실,2021-04-04,10.5,95.9
244,임실,2021-04-05,9.5,66.6
244,임실,2021-04-06,9.7,63.1
244,임실,2021-04-07,11.1,59.8
244,임실,2021-04-08,10.2,56.6
244,임실,2021-04-09,10.2,60.4
244,임실,2021-04-10,10.7,65
244,임실,2021-04-11,12.7,54.4
244,임실,2021-04-12,12.1,77.4
244,임실,2021-04-13,9.1,81.3
244,임실,2021-04-14,7.2,57.4
244,임실,2021-04-15,8.8,52.4
244,임실,2021-04-16,9.9,78.6
244,임실,2021-04-17,8.4,70.5
244,임실,2021-04-18,8.6,63.8
244,임실,2021-04-19,9.3,60.4
244,임실,2021-04-20,13.3,58
244,임실,2021-04-21,17.3,50.3
244,임실,2021-04-22,18.3,44.3
244,임실,2021-04-23,19.2,32
244,임실,2021-04-24,16.7,44.3
244,임실,2021-04-25,15.7,61.8
244,임실,2021-04-26,14.5,48.6
244,임실,2021-04-27,13.9,61.9
244,임실,2021-04-28,15.4,58.8
244,임실,2021-04-29,14.9,54.4
244,임실,2021-04-30,13,64.6
244,임실,2021-05-01,8.8,83.9
244,임실,2021-05-02,10.3,74.8
244,임실,2021-05-03,12.9,70.9
244,임실,2021-05-04,15.7,86.1
244,임실,2021-05-05,12.2,65.4
244,임실,2021-05-06,13.2,58.5
244,임실,2021-05-07,12.2,69.6
244,임실,2021-05-08,13.7,67.3
244,임실,2021-05-09,14,59.6
244,임실,2021-05-10,12.8,74.3
244,임실,2021-05-11,16.3,67.8
244,임실,2021-05-12,19.6,56.6
244,임실,2021-05-13,20.2,70.5
244,임실,2021-05-14,21.2,71.9
244,임실,2021-05-15,20.1,93.9
244,임실,2021-05-16,20.5,98.5
244,임실,2021-05-17,15.7,96
244,임실,2021-05-18,16.7,82.9
244,임실,2021-05-19,18.4,74
244,임실,2021-05-20,15.6,93.3
244,임실,2021-05-21,14.4,86.3
244,임실,2021-05-22,17.6,74.6
244,임실,2021-05-23,19.6,72.3
244,임실,2021-05-24,17.8,68.5
244,임실,2021-05-25,13.6,74.8
244,임실,2021-05-26,16.1,65.4
244,임실,2021-05-27,14.3,88.8
244,임실,2021-05-28,15.7,77.9
244,임실,2021-05-29,17,72
244,임실,2021-05-30,19.5,64
244,임실,2021-05-31,19.7,67.8
244,임실,2021-06-01,20.3,67.1
244,임실,2021-06-02,21.3,65.4
244,임실,2021-06-03,17.4,95.4
244,임실,2021-06-04,17.7,71.9
244,임실,2021-06-05,18.6,79.5
244,임실,2021-06-06,20.3,72.5
244,임실,2021-06-07,21.1,67
244,임실,2021-06-08,22.8,65.6
244,임실,2021-06-09,23.7,69.4
244,임실,2021-06-10,21.8,75.5
244,임실,2021-06-11,21.9,85.5
244,임실,2021-06-12,23.4,81.9
244,임실,2021-06-13,23.1,83.4
244,임실,2021-06-14,22.7,86.4
244,임실,2021-06-15,19.6,91.9
244,임실,2021-06-16,21,78.5
244,임실,2021-06-17,20,86.4
244,임실,2021-06-18,19.8,96.1
244,임실,2021-06-19,21,79.4
244,임실,2021-06-20,21.8,71.3
244,임실,2021-06-21,21.1,74.4
244,임실,2021-06-22,21.3,77
244,임실,2021-06-23,20.8,83
244,임실,2021-06-24,21.4,79.1
244,임실,2021-06-25,22.1,81.1
244,임실,2021-06-26,21.9,83.1
244,임실,2021-06-27,22.6,80
244,임실,2021-06-28,22.1,89.4
244,임실,2021-06-29,21.7,88.5
244,임실,2021-06-30,22.5,84.6
244,임실,2021-07-01,23.8,79.9
244,임실,2021-07-02,24.7,77
244,임실,2021-07-03,22.2,87.1
244,임실,2021-07-04,22.7,86.6
244,임실,2021-07-05,20.5,96.3
244,임실,2021-07-06,22,98.6
244,임실,2021-07-07,23.4,99.4
244,임실,2021-07-08,23.7,94.4
244,임실,2021-07-09,24.4,88.1
244,임실,2021-07-10,23.8,87.5
244,임실,2021-07-11,24.6,89.3
244,임실,2021-07-12,26.4,85.4
244,임실,2021-07-13,26.7,79.9
244,임실,2021-07-14,26.4,82.6
244,임실,2021-07-15,26.2,80.3
244,임실,2021-07-16,23.8,88.8
244,임실,2021-07-17,23.4,86.6
244,임실,2021-07-18,24.2,85.9
244,임실,2021-07-19,25,84
244,임실,2021-07-20,24.8,86.9
244,임실,2021-07-21,25.9,78.1
244,임실,2021-07-22,25.7,76.5
244,임실,2021-07-23,26.1,75.9
244,임실,2021-07-24,26.3,77.3
244,임실,2021-07-25,26.6,69.6
244,임실,2021-07-26,26.4,69.8
244,임실,2021-07-27,26.2,76.1
244,임실,2021-07-28,26.8,78.9
244,임실,2021-07-29,26.9,79.6
244,임실,2021-07-30,26.8,77.6
244,임실,2021-07-31,27.4,81.1
244,임실,2021-08-01,25.9,85.6
244,임실,2021-08-02,24.6,95.1
244,임실,2021-08-03,25.3,90.8
244,임실,2021-08-04,26.7,83
244,임실,2021-08-05,26.7,81.1
244,임실,2021-08-06,26.2,80.8
244,임실,2021-08-07,26,80.9
244,임실,2021-08-08,24.7,89.6
244,임실,2021-08-09,25.4,79.4
244,임실,2021-08-10,24.2,88.9
244,임실,2021-08-11,24.7,81.5
244,임실,2021-08-12,24.1,87.6
244,임실,2021-08-13,23.9,87
244,임실,2021-08-14,22.3,93.1
244,임실,2021-08-15,24.3,78.1
244,임실,2021-08-16,24.2,72.9
244,임실,2021-08-17,23.4,78.3
244,임실,2021-08-18,22.3,83.8
244,임실,2021-08-19,22,87
244,임실,2021-08-20,23.1,80.5
244,임실,2021-08-21,22.6,95
244,임실,2021-08-22,23.8,86.9
244,임실,2021-08-23,22.3,97.3
244,임실,2021-08-24,23.7,95.5
244,임실,2021-08-25,23.7,95.8
244,임실,2021-08-26,24.1,88.6
244,임실,2021-08-27,21.4,99
244,임실,2021-08-28,22.9,83.5
244,임실,2021-08-29,22.7,95.3
244,임실,2021-08-30,23.2,86.5
244,임실,2021-08-31,24.3,88.4
244,임실,2021-09-01,22.9,93.4
244,임실,2021-09-02,21.1,91.8
244,임실,2021-09-03,20.9,87.9
244,임실,2021-09-04,21.1,84.5
244,임실,2021-09-05,20.4,82.5
244,임실,2021-09-06,19.6,89.5
244,임실,2021-09-07,20.6,91.4
244,임실,2021-09-08,20.5,87.4
244,임실,2021-09-09,21.2,87.1
244,임실,2021-09-10,20.4,92.1
244,임실,2021-09-11,22.1,85.1
244,임실,2021-09-12,22.9,85.5
244,임실,2021-09-13,21.9,76.4
244,임실,2021-09-14,22.3,75.9
244,임실,2021-09-15,21.7,66.8
244,임실,2021-09-16,20.2,80.3
244,임실,2021-09-17,20.4,86.3
244,임실,2021-09-18,20.4,82.3
244,임실,2021-09-19,20.8,79.9
244,임실,2021-09-20,21.3,78.1
244,임실,2021-09-21,21.3,90
244,임실,2021-09-22,20.5,85.1
244,임실,2021-09-23,18.5,80
244,임실,2021-09-24,17.9,83.3
244,임실,2021-09-25,19.2,81.5
244,임실,2021-09-26,20.1,76.9
244,임실,2021-09-27,20.8,74
244,임실,2021-09-28,20.7,83.6
244,임실,2021-09-29,21,94.6
244,임실,2021-09-30,20.8,80.1
244,임실,2021-10-01,19.6,84.8
244,임실,2021-10-02,19.2,84.3
244,임실,2021-10-03,20.4,74.8
244,임실,2021-10-04,22.7,80.3
244,임실,2021-10-05,20.4,86.5
244,임실,2021-10-06,20,82.1
244,임실,2021-10-07,19.1,89.5
244,임실,2021-10-08,19.3,92
244,임실,2021-10-09,21.3,80.9
244,임실,2021-10-10,22.2,80.1
244,임실,2021-10-11,14.3,94.5
244,임실,2021-10-12,16,90.4
244,임실,2021-10-13,17.5,85.8
244,임실,2021-10-14,17.8,85.9
244,임실,2021-10-15,16.7,90.5
244,임실,2021-10-16,11.8,68.8
244,임실,2021-10-17,5.1,52.1
244,임실,2021-10-18,8,65.9
244,임실,2021-10-19,9.4,76.8
244,임실,2021-10-20,7.3,75.4
244,임실,2021-10-21,7.6,77.4
244,임실,2021-10-22,7.2,73.9
244,임실,2021-10-23,8,70.4
244,임실,2021-10-24,8.9,69.9
244,임실,2021-10-25,8.6,77.4
244,임실,2021-10-26,9.6,74.5
244,임실,2021-10-27,10.5,79.4
244,임실,2021-10-28,9.2,73.8
244,임실,2021-10-29,10,73.8
244,임실,2021-10-30,10.2,80.1
244,임실,2021-10-31,10.7,79.5
244,임실,2021-11-01,11,78.6
244,임실,2021-11-02,8.4,81.1
244,임실,2021-11-03,7.8,79.1
244,임실,2021-11-04,9.6,74.9
244,임실,2021-11-05,9.4,75.4
244,임실,2021-11-06,10.6,68
244,임실,2021-11-07,12.7,66.6
244,임실,2021-11-08,9.8,77
244,임실,2021-11-09,6.4,81.4
244,임실,2021-11-10,5.5,91
244,임실,2021-11-11,5.8,84.6
244,임실,2021-11-12,3.8,93.1
244,임실,2021-11-13,5.9,85.3
244,임실,2021-11-14,6.3,87
244,임실,2021-11-15,7.1,82.1
244,임실,2021-11-16,6.4,76.8
244,임실,2021-11-17,5.5,75.8
244,임실,2021-11-18,6.9,83.4
244,임실,2021-11-19,7.7,88.4
244,임실,2021-11-20,8.8,89.8
244,임실,2021-11-21,9.5,86.3
244,임실,2021-11-22,5.3,74.8
244,임실,2021-11-23,1.5,88.4
244,임실,2021-11-24,4.1,87.3
244,임실,2021-11-25,6.4,74.1
244,임실,2021-11-26,3,70.6
244,임실,2021-11-27,2.5,71.8
244,임실,2021-11-28,3.1,69.9
244,임실,2021-11-29,4.2,67.6
244,임실,2021-11-30,6.9,82
244,임실,2021-12-01,.1,71.1
244,임실,2021-12-02,1.7,73.1
244,임실,2021-12-03,3,71.5
244,임실,2021-12-04,1,72.3
244,임실,2021-12-05,1.3,80.3
244,임실,2021-12-06,5.3,79.6
244,임실,2021-12-07,3.7,79.6
244,임실,2021-12-08,3.6,78.4
244,임실,2021-12-09,3.9,80.6
244,임실,2021-12-10,6.3,87
244,임실,2021-12-11,5.5,84.1
244,임실,2021-12-12,3.8,67.5
244,임실,2021-12-13,-2.1,52.5
244,임실,2021-12-14,.2,71.1
244,임실,2021-12-15,4.7,80
244,임실,2021-12-16,4.9,85
244,임실,2021-12-17,-1.9,64.6
244,임실,2021-12-18,-4.2,66.3
244,임실,2021-12-19,-1,80.3
244,임실,2021-12-20,2.4,78.8
244,임실,2021-12-21,3.2,83.6
244,임실,2021-12-22,1.7,69
244,임실,2021-12-23,.6,67.3
244,임실,2021-12-24,1.6,73.1
244,임실,2021-12-25,-6.9,57.5
244,임실,2021-12-26,-8.4,57.6
244,임실,2021-12-27,-3.4,66.3
244,임실,2021-12-28,1.6,71.6
244,임실,2021-12-29,2.4,71.8
244,임실,2021-12-30,-.6,64.1
244,임실,2021-12-31,-4,56.4
245,정읍,2021-01-01,-2.4,79.1
245,정읍,2021-01-02,-2.1,67.9
245,정읍,2021-01-03,-3,64
245,정읍,2021-01-04,-2.5,78.9
245,정읍,2021-01-05,-1.5,64.6
245,정읍,2021-01-06,-4.2,64.9
245,정읍,2021-01-07,-10.2,73.6
245,정읍,2021-01-08,-13.6,69.4
245,정읍,2021-01-09,-11.8,68.4
245,정읍,2021-01-10,-7.3,76.5
245,정읍,2021-01-11,-5.3,72.1
245,정읍,2021-01-12,-1.5,75.3
245,정읍,2021-01-13,4.6,65.8
245,정읍,2021-01-14,3.7,78.5
245,정읍,2021-01-15,8.2,75
245,정읍,2021-01-16,-1.3,67
245,정읍,2021-01-17,-2.8,62.3
245,정읍,2021-01-18,-.2,75.1
245,정읍,2021-01-19,-4.5,55.4
245,정읍,2021-01-20,.5,58.3
245,정읍,2021-01-21,7.2,79
245,정읍,2021-01-22,7.6,93.5
245,정읍,2021-01-23,7.6,92.6
245,정읍,2021-01-24,6.9,76.1
245,정읍,2021-01-25,6.6,71.8
245,정읍,2021-01-26,5,86.1
245,정읍,2021-01-27,2.6,61.3
245,정읍,2021-01-28,-.8,69.9
245,정읍,2021-01-29,-5.5,68.4
245,정읍,2021-01-30,1.6,74.3
245,정읍,2021-01-31,5.8,64.8
245,정읍,2021-02-01,8,78.6
245,정읍,2021-02-02,-2.7,52.5
245,정읍,2021-02-03,-.3,55
245,정읍,2021-02-04,-.3,58.8
245,정읍,2021-02-05,1.5,48.6
245,정읍,2021-02-06,6.6,73
245,정읍,2021-02-07,5.1,72.9
245,정읍,2021-02-08,-1.5,53.9
245,정읍,2021-02-09,-1,52
245,정읍,2021-02-10,2.1,68.1
245,정읍,2021-02-11,4.6,73.9
245,정읍,2021-02-12,6.5,56.5
245,정읍,2021-02-13,6.6,52.5
245,정읍,2021-02-14,8.7,66.6
245,정읍,2021-02-15,2.4,68.4
245,정읍,2021-02-16,-.9,63.5
245,정읍,2021-02-17,-5.9,80.1
245,정읍,2021-02-18,-3.5,69
245,정읍,2021-02-19,3.2,65.1
245,정읍,2021-02-20,10.8,65.5
245,정읍,2021-02-21,15.4,46.4
245,정읍,2021-02-22,9.7,64.1
245,정읍,2021-02-23,1.1,54.1
245,정읍,2021-02-24,2.1,51.3
245,정읍,2021-02-25,2.5,82.9
245,정읍,2021-02-26,8.4,61.5
245,정읍,2021-02-27,8,50
245,정읍,2021-02-28,6.4,74.6
245,정읍,2021-03-01,11.1,85.4
245,정읍,2021-03-02,3,77.8
245,정읍,2021-03-03,4.3,68.8
245,정읍,2021-03-04,7.1,77
245,정읍,2021-03-05,7.9,77.5
245,정읍,2021-03-06,6.2,87.3
245,정읍,2021-03-07,7.3,79.3
245,정읍,2021-03-08,6.5,70.9
245,정읍,2021-03-09,5.8,63.9
245,정읍,2021-03-10,7.1,67.1
245,정읍,2021-03-11,9.3,64.6
245,정읍,2021-03-12,7.7,89.3
245,정읍,2021-03-13,7,77.8
245,정읍,2021-03-14,7.5,76.5
245,정읍,2021-03-15,10.9,68.8
245,정읍,2021-03-16,7.8,72.1
245,정읍,2021-03-17,6,69.6
245,정읍,2021-03-18,9,65.9
245,정읍,2021-03-19,11.5,64.5
245,정읍,2021-03-20,7.9,87.5
245,정읍,2021-03-21,5.7,64.8
245,정읍,2021-03-22,6.3,57.3
245,정읍,2021-03-23,9.1,60.9
245,정읍,2021-03-24,10.7,55.1
245,정읍,2021-03-25,10.3,73
245,정읍,2021-03-26,10.7,67.9
245,정읍,2021-03-27,14.6,73.4
245,정읍,2021-03-28,10.8,84
245,정읍,2021-03-29,11.2,65.9
245,정읍,2021-03-30,10.3,55.3
245,정읍,2021-03-31,12.5,49.3
245,정읍,2021-04-01,15.6,41.5
245,정읍,2021-04-02,19.4,41.4
245,정읍,2021-04-03,16.8,76.3
245,정읍,2021-04-04,10.2,88.5
245,정읍,2021-04-05,9.4,67
245,정읍,2021-04-06,10.1,56.6
245,정읍,2021-04-07,11.4,56.4
245,정읍,2021-04-08,10.7,51.4
245,정읍,2021-04-09,11,50.5
245,정읍,2021-04-10,11.8,60.1
245,정읍,2021-04-11,13.8,56.6
245,정읍,2021-04-12,13.8,68.9
245,정읍,2021-04-13,8.6,75.4
245,정읍,2021-04-14,7.5,55.6
245,정읍,2021-04-15,9.8,50.5
245,정읍,2021-04-16,11.8,72.1
245,정읍,2021-04-17,9.6,62.8
245,정읍,2021-04-18,9.2,58.5
245,정읍,2021-04-19,11.1,58
245,정읍,2021-04-20,13.1,53.4
245,정읍,2021-04-21,16.4,51.8
245,정읍,2021-04-22,19.1,39.8
245,정읍,2021-04-23,21.1,29.4
245,정읍,2021-04-24,17.2,40.4
245,정읍,2021-04-25,16.2,58.8
245,정읍,2021-04-26,15.1,54.9
245,정읍,2021-04-27,15.9,54.3
245,정읍,2021-04-28,16.2,59.3
245,정읍,2021-04-29,15.8,54
245,정읍,2021-04-30,12.8,68.9
245,정읍,2021-05-01,9.8,75.3
245,정읍,2021-05-02,10.9,70.1
245,정읍,2021-05-03,13.3,68.5
245,정읍,2021-05-04,17.6,72.9
245,정읍,2021-05-05,12.9,62
245,정읍,2021-05-06,15.6,40.8
245,정읍,2021-05-07,15.2,49.5
245,정읍,2021-05-08,15.1,58.6
245,정읍,2021-05-09,15.1,53
245,정읍,2021-05-10,14.1,68.1
245,정읍,2021-05-11,18.5,63.8
245,정읍,2021-05-12,20.5,55.6
245,정읍,2021-05-13,21.1,62.1
245,정읍,2021-05-14,21,70.5
245,정읍,2021-05-15,22.7,78
245,정읍,2021-05-16,20.8,89
245,정읍,2021-05-17,15,90.8
245,정읍,2021-05-18,17,79.4
245,정읍,2021-05-19,19.4,64.4
245,정읍,2021-05-20,15.8,84.9
245,정읍,2021-05-21,15.3,79.8
245,정읍,2021-05-22,17.3,70.4
245,정읍,2021-05-23,19.6,66.8
245,정읍,2021-05-24,17.9,65.6
245,정읍,2021-05-25,15.7,63.4
245,정읍,2021-05-26,18.4,52.5
245,정읍,2021-05-27,16.3,76.6
245,정읍,2021-05-28,17.8,69.3
245,정읍,2021-05-29,17.9,64.4
245,정읍,2021-05-30,21.1,54.6
245,정읍,2021-05-31,21.4,57.5
245,정읍,2021-06-01,21.7,56.4
245,정읍,2021-06-02,23.6,55.4
245,정읍,2021-06-03,19.5,84.9
245,정읍,2021-06-04,18.6,67.6
245,정읍,2021-06-05,21.2,66.9
245,정읍,2021-06-06,22.9,54.4
245,정읍,2021-06-07,23,56.9
245,정읍,2021-06-08,24,69.4
245,정읍,2021-06-09,25.1,67.1
245,정읍,2021-06-10,24.2,59.3
245,정읍,2021-06-11,22.2,83.9
245,정읍,2021-06-12,22.7,81.5
245,정읍,2021-06-13,20.9,85.6
245,정읍,2021-06-14,21.3,86
245,정읍,2021-06-15,19.8,86.5
245,정읍,2021-06-16,23.1,68.8
245,정읍,2021-06-17,20.9,80.8
245,정읍,2021-06-18,20.5,88.9
245,정읍,2021-06-19,21.6,77.1
245,정읍,2021-06-20,23.3,59.3
245,정읍,2021-06-21,23.1,64
245,정읍,2021-06-22,22.3,70.9
245,정읍,2021-06-23,22.4,74.4
245,정읍,2021-06-24,21.9,76.3
245,정읍,2021-06-25,22.6,77.1
245,정읍,2021-06-26,23.7,72.5
245,정읍,2021-06-27,24,72
245,정읍,2021-06-28,23.7,77.8
245,정읍,2021-06-29,22.9,78.9
245,정읍,2021-06-30,24.1,73.5
245,정읍,2021-07-01,25.2,73.4
245,정읍,2021-07-02,25.5,78.5
245,정읍,2021-07-03,23.6,81.6
245,정읍,2021-07-04,22.5,84.3
245,정읍,2021-07-05,21.4,89.3
245,정읍,2021-07-06,23.1,91
245,정읍,2021-07-07,25.1,92
245,정읍,2021-07-08,24.2,88.4
245,정읍,2021-07-09,25.2,82
245,정읍,2021-07-10,26.3,76.5
245,정읍,2021-07-11,26.3,79.6
245,정읍,2021-07-12,28.2,74.1
245,정읍,2021-07-13,28.6,66.4
245,정읍,2021-07-14,28.1,71.6
245,정읍,2021-07-15,28.1,70.1
245,정읍,2021-07-16,25.3,82.1
245,정읍,2021-07-17,25.4,79.9
245,정읍,2021-07-18,25,83.4
245,정읍,2021-07-19,26.5,77.3
245,정읍,2021-07-20,27,78.1
245,정읍,2021-07-21,27.8,71.5
245,정읍,2021-07-22,27.7,67.8
245,정읍,2021-07-23,28.3,68.9
245,정읍,2021-07-24,28.4,67.8
245,정읍,2021-07-25,28.2,63.6
245,정읍,2021-07-26,28,63.1
245,정읍,2021-07-27,27.9,66.5
245,정읍,2021-07-28,28.3,71.3
245,정읍,2021-07-29,27.3,78.5
245,정읍,2021-07-30,27.3,74.4
245,정읍,2021-07-31,27.9,74.5
245,정읍,2021-08-01,26.5,82.6
245,정읍,2021-08-02,25.1,90.8
245,정읍,2021-08-03,25.8,85.9
245,정읍,2021-08-04,27.4,78.1
245,정읍,2021-08-05,27.6,80.3
245,정읍,2021-08-06,27.1,79.9
245,정읍,2021-08-07,26.2,77.5
245,정읍,2021-08-08,25.7,84.5
245,정읍,2021-08-09,26.5,74.1
245,정읍,2021-08-10,26.6,74.3
245,정읍,2021-08-11,26.8,71.8
245,정읍,2021-08-12,25.1,81
245,정읍,2021-08-13,25.4,80.6
245,정읍,2021-08-14,24.2,82
245,정읍,2021-08-15,25.6,72.1
245,정읍,2021-08-16,25.4,71.3
245,정읍,2021-08-17,24.9,72
245,정읍,2021-08-18,22.7,84
245,정읍,2021-08-19,23,81
245,정읍,2021-08-20,25.6,68.6
245,정읍,2021-08-21,24.8,82.1
245,정읍,2021-08-22,25.4,78.6
245,정읍,2021-08-23,23.6,90.6
245,정읍,2021-08-24,25.2,86
245,정읍,2021-08-25,24.8,85.1
245,정읍,2021-08-26,25.7,79.6
245,정읍,2021-08-27,21,92.1
245,정읍,2021-08-28,23,82.6
245,정읍,2021-08-29,21.9,89
245,정읍,2021-08-30,23,86.8
245,정읍,2021-08-31,25.7,80
245,정읍,2021-09-01,24.3,81.8
245,정읍,2021-09-02,21.5,84.6
245,정읍,2021-09-03,22.7,80.5
245,정읍,2021-09-04,22.9,78.6
245,정읍,2021-09-05,21.1,81
245,정읍,2021-09-06,20.8,78.3
245,정읍,2021-09-07,22.5,79.4
245,정읍,2021-09-08,21.2,80.9
245,정읍,2021-09-09,22.4,79.9
245,정읍,2021-09-10,22.2,83.4
245,정읍,2021-09-11,23.4,80
245,정읍,2021-09-12,23.3,80.8
245,정읍,2021-09-13,23.5,71.4
245,정읍,2021-09-14,22.5,73.9
245,정읍,2021-09-15,23.6,58.5
245,정읍,2021-09-16,22,69.3
245,정읍,2021-09-17,21,84.1
245,정읍,2021-09-18,21.5,79.5
245,정읍,2021-09-19,22.7,78
245,정읍,2021-09-20,23.9,65.5
245,정읍,2021-09-21,22.7,78.1
245,정읍,2021-09-22,22.7,74.1
245,정읍,2021-09-23,19.9,71.9
245,정읍,2021-09-24,20,73.6
245,정읍,2021-09-25,20.7,75.4
245,정읍,2021-09-26,21.6,70.8
245,정읍,2021-09-27,22.5,66.8
245,정읍,2021-09-28,21.7,76.5
245,정읍,2021-09-29,21.7,87.3
245,정읍,2021-09-30,21,82.6
245,정읍,2021-10-01,20.6,80.6
245,정읍,2021-10-02,21.3,77.9
245,정읍,2021-10-03,23.8,60.6
245,정읍,2021-10-04,25.3,63.5
245,정읍,2021-10-05,22.7,76
245,정읍,2021-10-06,21.7,73.6
245,정읍,2021-10-07,20.7,83.4
245,정읍,2021-10-08,19.9,89.5
245,정읍,2021-10-09,23.5,73.9
245,정읍,2021-10-10,23.3,75.1
245,정읍,2021-10-11,13.8,90.3
245,정읍,2021-10-12,15.6,93.4
245,정읍,2021-10-13,19.3,83.5
245,정읍,2021-10-14,19.6,81.9
245,정읍,2021-10-15,17.7,85.6
245,정읍,2021-10-16,12.5,67.8
245,정읍,2021-10-17,6.3,52.1
245,정읍,2021-10-18,9,66.5
245,정읍,2021-10-19,11,73.4
245,정읍,2021-10-20,8.9,66.8
245,정읍,2021-10-21,9.3,72.1
245,정읍,2021-10-22,9.9,63.4
245,정읍,2021-10-23,10.4,63.6
245,정읍,2021-10-24,11.3,68.6
245,정읍,2021-10-25,10.9,75.9
245,정읍,2021-10-26,11.5,73
245,정읍,2021-10-27,12.6,72.4
245,정읍,2021-10-28,11.5,65.3
245,정읍,2021-10-29,13.4,64
245,정읍,2021-10-30,13,71.3
245,정읍,2021-10-31,13.3,71.1
245,정읍,2021-11-01,13.2,79
245,정읍,2021-11-02,10.6,75.3
245,정읍,2021-11-03,10.4,75.6
245,정읍,2021-11-04,12.4,76.6
245,정읍,2021-11-05,12.3,72.9
245,정읍,2021-11-06,13.7,61.4
245,정읍,2021-11-07,15.3,59.5
245,정읍,2021-11-08,11.1,72
245,정읍,2021-11-09,7.5,71.9
245,정읍,2021-11-10,7.4,81.5
245,정읍,2021-11-11,7.2,81.6
245,정읍,2021-11-12,5.5,82.9
245,정읍,2021-11-13,8.6,75
245,정읍,2021-11-14,11.2,67.4
245,정읍,2021-11-15,9.9,77.8
245,정읍,2021-11-16,8.6,72.8
245,정읍,2021-11-17,8,72.5
245,정읍,2021-11-18,10,76.4
245,정읍,2021-11-19,11.2,84.1
245,정읍,2021-11-20,8.6,93.6
245,정읍,2021-11-21,11.1,81.8
245,정읍,2021-11-22,5.3,79.1
245,정읍,2021-11-23,2.7,89.5
245,정읍,2021-11-24,7.2,72.1
245,정읍,2021-11-25,9.6,65.1
245,정읍,2021-11-26,5.2,65.9
245,정읍,2021-11-27,4,67.8
245,정읍,2021-11-28,5.3,68.1
245,정읍,2021-11-29,7.7,67.3
245,정읍,2021-11-30,9.4,75.3
245,정읍,2021-12-01,.8,78.5
245,정읍,2021-12-02,3.4,71.1
245,정읍,2021-12-03,5.1,67.1
245,정읍,2021-12-04,2.6,70
245,정읍,2021-12-05,2.4,70.6
245,정읍,2021-12-06,5.7,71.8
245,정읍,2021-12-07,5.2,76.4
245,정읍,2021-12-08,5.2,77.8
245,정읍,2021-12-09,8.2,68.6
245,정읍,2021-12-10,9,80.4
245,정읍,2021-12-11,6.7,82
245,정읍,2021-12-12,4.5,68.4
245,정읍,2021-12-13,-.7,54
245,정읍,2021-12-14,3.5,65
245,정읍,2021-12-15,8.6,70.4
245,정읍,2021-12-16,7.4,82.1
245,정읍,2021-12-17,-1.1,68.9
245,정읍,2021-12-18,-2.8,64.6
245,정읍,2021-12-19,2.9,64.9
245,정읍,2021-12-20,7.7,59.4
245,정읍,2021-12-21,7.3,74.5
245,정읍,2021-12-22,2.3,63.5
245,정읍,2021-12-23,2.8,57.3
245,정읍,2021-12-24,2,68.4
245,정읍,2021-12-25,-5.8,67
245,정읍,2021-12-26,-7.1,59.1
245,정읍,2021-12-27,-3.3,64.6
245,정읍,2021-12-28,3.8,62
245,정읍,2021-12-29,4.7,60.9
245,정읍,2021-12-30,-.2,71.3
245,정읍,2021-12-31,-3.9,71.1
247,남원,2021-01-01,-3.9,83.9
247,남원,2021-01-02,-2.1,69.9
247,남원,2021-01-03,-3,66.5
247,남원,2021-01-04,-1.7,74.5
247,남원,2021-01-05,-1.7,65.1
247,남원,2021-01-06,-4.8,70
247,남원,2021-01-07,-10.6,67.6
247,남원,2021-01-08,-13.9,70.5
247,남원,2021-01-09,-12,71.9
247,남원,2021-01-10,-8.7,78.8
247,남원,2021-01-11,-5.2,82.6
247,남원,2021-01-12,-3.7,79.1
247,남원,2021-01-13,2,74.6
247,남원,2021-01-14,3.8,73.4
247,남원,2021-01-15,6.4,73.9
247,남원,2021-01-16,-1.3,65.1
247,남원,2021-01-17,-3.5,57.9
247,남원,2021-01-18,-1.6,81.4
247,남원,2021-01-19,-4.5,63.4
247,남원,2021-01-20,-.7,67
247,남원,2021-01-21,4.9,82.6
247,남원,2021-01-22,7.9,97.5
247,남원,2021-01-23,9.5,79.1
247,남원,2021-01-24,8.1,65.8
247,남원,2021-01-25,8.3,62.4
247,남원,2021-01-26,5.5,89.6
247,남원,2021-01-27,4,56.6
247,남원,2021-01-28,-1,74.4
247,남원,2021-01-29,-5.3,61.4
247,남원,2021-01-30,-1,78.9
247,남원,2021-01-31,3.7,77.5
247,남원,2021-02-01,7.4,84.8
247,남원,2021-02-02,-2,43.1
247,남원,2021-02-03,-1.9,57.8
247,남원,2021-02-04,-.3,60.3
247,남원,2021-02-05,-.1,60.9
247,남원,2021-02-06,2.8,78.8
247,남원,2021-02-07,5.8,69.8
247,남원,2021-02-08,-1.3,51.1
247,남원,2021-02-09,-1,56
247,남원,2021-02-10,1.1,68
247,남원,2021-02-11,3.7,69.4
247,남원,2021-02-12,6.1,56.6
247,남원,2021-02-13,7.6,51.4
247,남원,2021-02-14,9.8,66.9
247,남원,2021-02-15,2.8,73.6
247,남원,2021-02-16,-1.2,66.1
247,남원,2021-02-17,-6.4,74.5
247,남원,2021-02-18,-4.6,66
247,남원,2021-02-19,1,72.4
247,남원,2021-02-20,6.5,75.9
247,남원,2021-02-21,11.5,59
247,남원,2021-02-22,9.2,65.5
247,남원,2021-02-23,2.4,47
247,남원,2021-02-24,2.5,57.1
247,남원,2021-02-25,3.3,82.3
247,남원,2021-02-26,9,57.8
247,남원,2021-02-27,7.9,53.6
247,남원,2021-02-28,8.3,71.3
247,남원,2021-03-01,12,89.9
247,남원,2021-03-02,3.6,76
247,남원,2021-03-03,3.8,70.1
247,남원,2021-03-04,5.3,87.6
247,남원,2021-03-05,9.5,75
247,남원,2021-03-06,8.1,74.3
247,남원,2021-03-07,7.5,68.4
247,남원,2021-03-08,7.6,69.8
247,남원,2021-03-09,8.1,60.5
247,남원,2021-03-10,9,58.8
247,남원,2021-03-11,10.4,59.4
247,남원,2021-03-12,8.4,88.4
247,남원,2021-03-13,8,78.6
247,남원,2021-03-14,7.8,76.8
247,남원,2021-03-15,10.5,73.6
247,남원,2021-03-16,11,66.3
247,남원,2021-03-17,8.7,61.5
247,남원,2021-03-18,11.1,63.8
247,남원,2021-03-19,13.5,58
247,남원,2021-03-20,9.1,89.6
247,남원,2021-03-21,5.6,69.1
247,남원,2021-03-22,5.5,53
247,남원,2021-03-23,7.4,64
247,남원,2021-03-24,7.7,63
247,남원,2021-03-25,11.6,58
247,남원,2021-03-26,13.2,48
247,남원,2021-03-27,12.6,80.5
247,남원,2021-03-28,11.5,86.5
247,남원,2021-03-29,12,57.6
247,남원,2021-03-30,12.3,47.8
247,남원,2021-03-31,13.1,53
247,남원,2021-04-01,15,46
247,남원,2021-04-02,18.1,50
247,남원,2021-04-03,16.5,86.5
247,남원,2021-04-04,11.7,97.3
247,남원,2021-04-05,11.1,59
247,남원,2021-04-06,10.7,59.5
247,남원,2021-04-07,12.4,55
247,남원,2021-04-08,11.4,52.4
247,남원,2021-04-09,11,59.9
247,남원,2021-04-10,12.5,56.6
247,남원,2021-04-11,13.4,52.9
247,남원,2021-04-12,13,72.9
247,남원,2021-04-13,10.1,76.3
247,남원,2021-04-14,8.4,55.1
247,남원,2021-04-15,9.7,52.8
247,남원,2021-04-16,11.1,71.8
247,남원,2021-04-17,9.7,64.3
247,남원,2021-04-18,9.6,57
247,남원,2021-04-19,10.8,55.8
247,남원,2021-04-20,14.9,50.9
247,남원,2021-04-21,18.3,46
247,남원,2021-04-22,19.3,40.1
247,남원,2021-04-23,19.6,32.3
247,남원,2021-04-24,19,36.9
247,남원,2021-04-25,17,60.3
247,남원,2021-04-26,15.4,47.5
247,남원,2021-04-27,14.6,57.8
247,남원,2021-04-28,16.3,53.8
247,남원,2021-04-29,16.2,52.1
247,남원,2021-04-30,14.7,56.5
247,남원,2021-05-01,9.5,80.4
247,남원,2021-05-02,11.2,71.3
247,남원,2021-05-03,14.4,62.6
247,남원,2021-05-04,16.3,82.9
247,남원,2021-05-05,14.2,57.3
247,남원,2021-05-06,14,55.6
247,남원,2021-05-07,13.6,64
247,남원,2021-05-08,15.1,62.4
247,남원,2021-05-09,15.6,54.9
247,남원,2021-05-10,15.1,60.4
247,남원,2021-05-11,17.3,61
247,남원,2021-05-12,21.2,49.1
247,남원,2021-05-13,22.1,65.4
247,남원,2021-05-14,22.7,68.6
247,남원,2021-05-15,21.3,89.1
247,남원,2021-05-18,17.9,78.3
247,남원,2021-05-19,19.7,69.6
247,남원,2021-05-20,15.9,90.5
247,남원,2021-05-21,15.6,79.8
247,남원,2021-05-22,18.8,72.9
247,남원,2021-05-23,20.8,70
247,남원,2021-05-24,19.3,68.9
247,남원,2021-05-25,15.4,66.4
247,남원,2021-05-26,17,59.4
247,남원,2021-05-27,15.5,82.6
247,남원,2021-05-28,16.6,74
247,남원,2021-05-29,17.9,68.5
247,남원,2021-05-30,20.2,59.1
247,남원,2021-05-31,21.2,64.9
247,남원,2021-06-01,22.2,60.1
247,남원,2021-06-02,22.1,64.3
247,남원,2021-06-03,18,92.5
247,남원,2021-06-04,18.7,68.9
247,남원,2021-06-05,19.7,73
247,남원,2021-06-06,21.6,67.9
247,남원,2021-06-07,22.7,62.6
247,남원,2021-06-08,24.3,62.3
247,남원,2021-06-09,24.9,65.4
247,남원,2021-06-10,23.5,65.8
247,남원,2021-06-11,23.3,81.5
247,남원,2021-06-12,25,78
247,남원,2021-06-13,24.4,83.6
247,남원,2021-06-14,23.6,82.1
247,남원,2021-06-15,20.7,85.5
247,남원,2021-06-16,21.6,73.1
247,남원,2021-06-17,21.6,79.1
247,남원,2021-06-18,21,90.6
247,남원,2021-06-19,22.2,75.3
247,남원,2021-06-20,23.1,64.5
247,남원,2021-06-21,22.7,66.5
247,남원,2021-06-22,21.8,76.1
247,남원,2021-06-23,21.3,82.5
247,남원,2021-06-24,22.4,76.5
247,남원,2021-06-25,23.2,76.9
247,남원,2021-06-26,23,77.1
247,남원,2021-06-27,23.9,72.8
247,남원,2021-06-28,23.9,77.5
247,남원,2021-06-29,22.2,87.5
247,남원,2021-06-30,23,83.6
247,남원,2021-07-01,24.7,73.5
247,남원,2021-07-02,25.4,71.8
247,남원,2021-07-03,23,85.3
247,남원,2021-07-04,24.1,82
247,남원,2021-07-05,21.3,95.3
247,남원,2021-07-06,22.2,100
247,남원,2021-07-07,23.9,98.8
247,남원,2021-07-08,24.7,92.5
247,남원,2021-07-09,25.3,88.1
247,남원,2021-07-10,25,85.1
247,남원,2021-07-11,25.8,84
247,남원,2021-07-12,27.5,79.8
247,남원,2021-07-13,27.6,77
247,남원,2021-07-14,27.5,78.1
247,남원,2021-07-15,27.1,78.5
247,남원,2021-07-16,26.1,82.6
247,남원,2021-07-17,25,81.4
247,남원,2021-07-18,25.5,79.6
247,남원,2021-07-19,26,79.5
247,남원,2021-07-20,26.3,82.5
247,남원,2021-07-21,27.3,73.1
247,남원,2021-07-22,27.4,70.4
247,남원,2021-07-23,27.8,69.8
247,남원,2021-07-24,27.5,74.3
247,남원,2021-07-25,27.2,70
247,남원,2021-07-26,26.9,70
247,남원,2021-07-27,27.4,71.3
247,남원,2021-07-28,28.2,72.9
247,남원,2021-07-29,27.9,74.9
247,남원,2021-07-30,28.1,70.1
247,남원,2021-07-31,29.1,72.9
247,남원,2021-08-01,27.2,83.9
247,남원,2021-08-02,26.8,85.4
247,남원,2021-08-03,26.6,86.5
247,남원,2021-08-04,26.8,82.9
247,남원,2021-08-05,27.8,78.1
247,남원,2021-08-06,27.3,79.6
247,남원,2021-08-07,27.6,74.8
247,남원,2021-08-08,26.7,76.1
247,남원,2021-08-09,26.9,75.6
247,남원,2021-08-10,25.2,88
247,남원,2021-08-11,25.4,80.8
247,남원,2021-08-12,24.4,86
247,남원,2021-08-13,25,82.5
247,남원,2021-08-14,23.5,82.6
247,남원,2021-08-15,25.7,67.9
247,남원,2021-08-16,25.2,68.5
247,남원,2021-08-17,25.5,67.4
247,남원,2021-08-18,23.7,75.6
247,남원,2021-08-19,22.2,84.8
247,남원,2021-08-20,23.8,77.3
247,남원,2021-08-21,23.4,92.9
247,남원,2021-08-22,24.8,83.5
247,남원,2021-08-23,22.7,95.4
247,남원,2021-08-24,24.7,91.8
247,남원,2021-08-25,24.4,93.3
247,남원,2021-08-26,25.2,80.8
247,남원,2021-08-27,22.3,94.6
247,남원,2021-08-28,23.9,83.5
247,남원,2021-08-29,24.2,92.1
247,남원,2021-08-30,24.8,87.3
247,남원,2021-08-31,25.6,85.6
247,남원,2021-09-01,24.6,86.5
247,남원,2021-09-02,21.7,87.5
247,남원,2021-09-03,21.5,80
247,남원,2021-09-04,22.4,76.9
247,남원,2021-09-05,21.2,76.6
247,남원,2021-09-06,19.3,94.6
247,남원,2021-09-07,21.3,89.8
247,남원,2021-09-08,21.2,85.6
247,남원,2021-09-09,21.4,84.9
247,남원,2021-09-10,20.8,92.4
247,남원,2021-09-11,23.1,84.8
247,남원,2021-09-12,23.9,81.9
247,남원,2021-09-13,23.4,70.4
247,남원,2021-09-14,21.9,71.8
247,남원,2021-09-15,22.9,60.5
247,남원,2021-09-16,22,70.1
247,남원,2021-09-17,21.6,76.6
247,남원,2021-09-18,22,73.6
247,남원,2021-09-19,21.6,75
247,남원,2021-09-20,22.9,70.5
247,남원,2021-09-21,22.6,83.9
247,남원,2021-09-22,21,82.6
247,남원,2021-09-23,19.5,78.6
247,남원,2021-09-24,19.7,75
247,남원,2021-09-25,21,74.6
247,남원,2021-09-26,21.7,66.9
247,남원,2021-09-27,21.9,68.1
247,남원,2021-09-28,21.5,79.3
247,남원,2021-09-29,21.8,93.1
247,남원,2021-09-30,22,79.5
247,남원,2021-10-01,20.9,81.1
247,남원,2021-10-02,20.5,79.8
247,남원,2021-10-03,21,71.9
247,남원,2021-10-04,23.3,75.3
247,남원,2021-10-05,21.8,80.8
247,남원,2021-10-06,21.1,79.5
247,남원,2021-10-07,20.7,85.3
247,남원,2021-10-08,20.8,89.4
247,남원,2021-10-09,22.7,77.8
247,남원,2021-10-10,22.5,85.3
247,남원,2021-10-11,15.1,97.5
247,남원,2021-10-12,16.4,86.3
247,남원,2021-10-13,18.7,77.3
247,남원,2021-10-14,19.1,81.8
247,남원,2021-10-15,17,88.3
247,남원,2021-10-16,12.4,74
247,남원,2021-10-17,5.6,54.8
247,남원,2021-10-18,8.1,67.9
247,남원,2021-10-19,9.7,77.8
247,남원,2021-10-20,8.1,75
247,남원,2021-10-21,8.4,76.9
247,남원,2021-10-22,8.6,70.8
247,남원,2021-10-23,9.4,70
247,남원,2021-10-24,9.7,70.9
247,남원,2021-10-25,10.1,73
247,남원,2021-10-26,10.2,74.1
247,남원,2021-10-27,11.6,77.6
247,남원,2021-10-28,10.7,72.1
247,남원,2021-10-29,12.1,69.5
247,남원,2021-10-30,11.3,80.8
247,남원,2021-10-31,11.5,79.3
247,남원,2021-11-01,12.2,78
247,남원,2021-11-02,9.2,78.8
247,남원,2021-11-03,9,75.4
247,남원,2021-11-04,10.3,72.5
247,남원,2021-11-05,10.6,73
247,남원,2021-11-06,12.7,64.6
247,남원,2021-11-07,14.4,64.8
247,남원,2021-11-08,10.6,77.5
247,남원,2021-11-09,6.5,83.5
247,남원,2021-11-10,5.7,94.8
247,남원,2021-11-11,6.1,89.6
247,남원,2021-11-12,4.4,90.1
247,남원,2021-11-13,6.1,88.5
247,남원,2021-11-14,6.9,87.9
247,남원,2021-11-15,7.1,87.3
247,남원,2021-11-16,7.5,72.3
247,남원,2021-11-17,6.3,73.8
247,남원,2021-11-18,7.4,82.1
247,남원,2021-11-19,8.2,86.3
247,남원,2021-11-20,7.7,88.5
247,남원,2021-11-21,9.3,90
247,남원,2021-11-22,5.1,78.5
247,남원,2021-11-23,1.8,88
247,남원,2021-11-24,4.7,84.8
247,남원,2021-11-25,5.6,80.8
247,남원,2021-11-26,3.5,69.5
247,남원,2021-11-27,3.3,70.4
247,남원,2021-11-28,3.8,70.5
247,남원,2021-11-29,4.9,67
247,남원,2021-11-30,6,87.6
247,남원,2021-12-01,.2,74.8
247,남원,2021-12-02,1.3,75.5
247,남원,2021-12-03,3.4,73.3
247,남원,2021-12-04,1.2,72.4
247,남원,2021-12-05,2.3,82.1
247,남원,2021-12-06,5.6,79.9
247,남원,2021-12-07,4.8,77.8
247,남원,2021-12-08,4.1,79
247,남원,2021-12-09,4.2,82.1
247,남원,2021-12-10,6.7,85.8
247,남원,2021-12-11,5.6,85.8
247,남원,2021-12-12,4,69.4
247,남원,2021-12-13,-2.1,55.6
247,남원,2021-12-14,-.2,72
247,남원,2021-12-15,4.6,80.4
247,남원,2021-12-16,4.5,92
247,남원,2021-12-17,-1.5,66.5
247,남원,2021-12-18,-4.2,65
247,남원,2021-12-19,0,77.8
247,남원,2021-12-20,2.3,79
247,남원,2021-12-21,3.6,83.4
247,남원,2021-12-22,2.1,68.8
247,남원,2021-12-23,1.6,63.8
247,남원,2021-12-24,1.3,72.9
247,남원,2021-12-25,-6.2,53.4
247,남원,2021-12-26,-8.1,56.8
247,남원,2021-12-27,-3.9,68.6
247,남원,2021-12-28,1.7,69.5
247,남원,2021-12-29,2.6,69.8
247,남원,2021-12-30,-.3,67.6
247,남원,2021-12-31,-4.4,65.9
248,장수,2021-01-01,-5.8,82.8
248,장수,2021-01-02,-4.9,72.1
248,장수,2021-01-03,-6.1,72.6
248,장수,2021-01-04,-3.5,80.6
248,장수,2021-01-05,-2.9,67.8
248,장수,2021-01-06,-7.2,75.5
248,장수,2021-01-07,-13.5,64.6
248,장수,2021-01-08,-17.2,73.5
248,장수,2021-01-09,-13.7,72.6
248,장수,2021-01-10,-9.9,81.5
248,장수,2021-01-11,-7.3,85.6
248,장수,2021-01-12,-4.5,79.6
248,장수,2021-01-13,2.6,73
248,장수,2021-01-14,1.5,74.6
248,장수,2021-01-15,5.2,80.8
248,장수,2021-01-16,-3.1,69.1
248,장수,2021-01-17,-5,59.9
248,장수,2021-01-18,-2.8,79
248,장수,2021-01-19,-7.8,65.6
248,장수,2021-01-20,-3.5,73
248,장수,2021-01-21,3.8,88
248,장수,2021-01-22,6.8,98.6
248,장수,2021-01-23,6.9,87.8
248,장수,2021-01-24,4.5,79.6
248,장수,2021-01-25,4.3,76.4
248,장수,2021-01-26,3.1,93.9
248,장수,2021-01-27,1.3,62.8
248,장수,2021-01-28,-2.2,66
248,장수,2021-01-29,-7.7,61.6
248,장수,2021-01-30,-2.4,83.6
248,장수,2021-01-31,2.4,78.9
248,장수,2021-02-01,6.7,79.4
248,장수,2021-02-02,-3.7,50.8
248,장수,2021-02-03,-2.6,52
248,장수,2021-02-04,-2.1,62.5
248,장수,2021-02-05,-1.7,60.3
248,장수,2021-02-06,1.2,84.5
248,장수,2021-02-07,3.6,73.5
248,장수,2021-02-08,-3.2,51.5
248,장수,2021-02-09,-2.6,61.9
248,장수,2021-02-10,-.9,75.6
248,장수,2021-02-11,2.2,72.4
248,장수,2021-02-12,3.8,68
248,장수,2021-02-13,4.7,64.5
248,장수,2021-02-14,8,74.8
248,장수,2021-02-15,1,77
248,장수,2021-02-16,-3.4,60.5
248,장수,2021-02-17,-8.5,66
248,장수,2021-02-18,-6.9,68.5
248,장수,2021-02-19,.2,69.1
248,장수,2021-02-20,8.6,66.1
248,장수,2021-02-21,14.1,47.4
248,장수,2021-02-22,10.9,56.5
248,장수,2021-02-23,.7,55.5
248,장수,2021-02-24,1.8,55.1
248,장수,2021-02-25,1.9,85.4
248,장수,2021-02-26,7,63.4
248,장수,2021-02-27,5.2,59.1
248,장수,2021-02-28,5.6,81.5
248,장수,2021-03-01,10.6,92.1
248,장수,2021-03-02,1.4,86.1
248,장수,2021-03-03,2.1,73.3
248,장수,2021-03-04,3.6,91.5
248,장수,2021-03-05,7.7,74.9
248,장수,2021-03-06,6,78.5
248,장수,2021-03-07,5.2,77.5
248,장수,2021-03-08,4.9,76.3
248,장수,2021-03-09,6.6,66.9
248,장수,2021-03-10,6.5,68.3
248,장수,2021-03-11,8.3,63.5
248,장수,2021-03-12,6,96.1
248,장수,2021-03-13,5.7,82.1
248,장수,2021-03-14,5.1,85
248,장수,2021-03-15,8.4,74.9
248,장수,2021-03-16,9.6,69.8
248,장수,2021-03-17,7.6,65.8
248,장수,2021-03-18,9.5,70.9
248,장수,2021-03-19,11.7,66.1
248,장수,2021-03-20,8,94.9
248,장수,2021-03-21,3.7,74.6
248,장수,2021-03-22,3.4,60
248,장수,2021-03-23,5.3,67.3
248,장수,2021-03-24,6.1,65.9
248,장수,2021-03-25,8.8,66.8
248,장수,2021-03-26,11.1,55.4
248,장수,2021-03-27,10.7,83.3
248,장수,2021-03-28,10.4,86.4
248,장수,2021-03-29,9.7,61.5
248,장수,2021-03-30,9,57.9
248,장수,2021-03-31,10.9,58.9
248,장수,2021-04-01,11.9,50.4
248,장수,2021-04-02,15.8,55.6
248,장수,2021-04-03,14.8,91.1
248,장수,2021-04-04,10.5,98.1
248,장수,2021-04-05,8.5,66.5
248,장수,2021-04-06,8.8,66.6
248,장수,2021-04-07,10.5,61.5
248,장수,2021-04-08,9.6,58.3
248,장수,2021-04-09,8.6,63.9
248,장수,2021-04-10,9.4,68.5
248,장수,2021-04-11,11.1,59.8
248,장수,2021-04-12,10.9,83.4
248,장수,2021-04-13,8.7,77.1
248,장수,2021-04-14,6.1,63.3
248,장수,2021-04-15,7.4,60.8
248,장수,2021-04-16,9.2,79
248,장수,2021-04-17,7.7,65.1
248,장수,2021-04-18,7.5,64.4
248,장수,2021-04-19,8.4,62
248,장수,2021-04-20,13.1,57.3
248,장수,2021-04-21,16.8,52
248,장수,2021-04-22,17.5,43.9
248,장수,2021-04-23,17.1,37.3
248,장수,2021-04-24,15.8,50.5
248,장수,2021-04-25,14.5,67.1
248,장수,2021-04-26,12.8,57.9
248,장수,2021-04-27,13.6,61.5
248,장수,2021-04-28,14.9,55.9
248,장수,2021-04-29,13.8,56.4
248,장수,2021-04-30,11.9,64.3
248,장수,2021-05-01,7.8,83
248,장수,2021-05-02,8.9,76.5
248,장수,2021-05-03,12.6,66.8
248,장수,2021-05-04,15.2,84.4
248,장수,2021-05-05,12.1,62
248,장수,2021-05-06,12.4,60.1
248,장수,2021-05-07,12.2,67.3
248,장수,2021-05-08,12.9,66.6
248,장수,2021-05-09,12.9,61.5
248,장수,2021-05-10,11.1,85.9
248,장수,2021-05-11,13.5,86.8
248,장수,2021-05-12,16.4,74.9
248,장수,2021-05-13,19.6,74.4
248,장수,2021-05-14,20.7,71.1
248,장수,2021-05-15,20.1,94.6
248,장수,2021-05-16,20.3,99.4
248,장수,2021-05-17,16,97.9
248,장수,2021-05-18,15.6,84.6
248,장수,2021-05-19,17.4,75.5
248,장수,2021-05-20,14.8,93.5
248,장수,2021-05-21,13.4,90.8
248,장수,2021-05-22,16.8,80.6
248,장수,2021-05-23,18.7,76.1
248,장수,2021-05-24,17.5,75.8
248,장수,2021-05-25,12.6,73.4
248,장수,2021-05-26,15.4,60
248,장수,2021-05-27,13.8,86.4
248,장수,2021-05-28,14.9,76.6
248,장수,2021-05-29,16.6,68.3
248,장수,2021-05-30,18.6,68.4
248,장수,2021-05-31,19.2,75.3
248,장수,2021-06-01,19.7,71.4
248,장수,2021-06-02,20.5,72.6
248,장수,2021-06-03,16.5,100
248,장수,2021-06-04,16.9,74.9
248,장수,2021-06-05,19.1,72.5
248,장수,2021-06-06,20.2,66.1
248,장수,2021-06-07,20.5,67.4
248,장수,2021-06-08,22.1,68.5
248,장수,2021-06-09,23.2,69.4
248,장수,2021-06-10,21.9,70
248,장수,2021-06-11,20.8,90
248,장수,2021-06-12,23.2,81.8
248,장수,2021-06-13,23.4,84.6
248,장수,2021-06-14,23.1,82.4
248,장수,2021-06-15,19.1,92.6
248,장수,2021-06-16,20,81.3
248,장수,2021-06-17,19.5,88.9
248,장수,2021-06-18,19.5,92.8
248,장수,2021-06-19,20.5,75.6
248,장수,2021-06-20,21.3,66.5
248,장수,2021-06-21,20.4,75.6
248,장수,2021-06-22,20.7,80.4
248,장수,2021-06-23,20.1,86.3
248,장수,2021-06-24,20.6,82
248,장수,2021-06-25,21.1,84.6
248,장수,2021-06-26,20.6,86.1
248,장수,2021-06-27,21.9,80
248,장수,2021-06-28,20.8,91.4
248,장수,2021-06-29,20.6,91
248,장수,2021-06-30,21.4,88.9
248,장수,2021-07-01,22.6,82
248,장수,2021-07-02,22.9,82.3
248,장수,2021-07-03,20.8,92
248,장수,2021-07-04,22.1,88
248,장수,2021-07-05,20.3,94
248,장수,2021-07-06,22.2,96.5
248,장수,2021-07-07,23.2,98.8
248,장수,2021-07-08,23.6,93
248,장수,2021-07-09,23.8,89.4
248,장수,2021-07-10,22.9,88.8
248,장수,2021-07-11,24.3,86.3
248,장수,2021-07-12,26.2,84.5
248,장수,2021-07-13,25.9,81
248,장수,2021-07-14,25.4,85.5
248,장수,2021-07-15,25.1,85
248,장수,2021-07-16,23.9,88
248,장수,2021-07-17,23.7,84.5
248,장수,2021-07-18,24.3,81.8
248,장수,2021-07-19,24.5,83.8
248,장수,2021-07-20,24.1,88.9
248,장수,2021-07-21,24.5,79.5
248,장수,2021-07-22,24.2,81.9
248,장수,2021-07-23,24.8,81.4
248,장수,2021-07-24,25.4,81.6
248,장수,2021-07-25,24.8,77.9
248,장수,2021-07-26,24.6,77.8
248,장수,2021-07-27,25.4,77.5
248,장수,2021-07-28,25.5,81.9
248,장수,2021-07-29,26,82.3
248,장수,2021-07-30,27.1,72.6
248,장수,2021-07-31,26.9,81.4
248,장수,2021-08-01,25.5,88.4
248,장수,2021-08-02,25.3,91.3
248,장수,2021-08-03,25.4,89.1
248,장수,2021-08-04,25.7,87
248,장수,2021-08-05,25.2,88
248,장수,2021-08-06,25,86
248,장수,2021-08-07,25.5,82.5
248,장수,2021-08-08,24.4,87.5
248,장수,2021-08-09,24.8,80.9
248,장수,2021-08-10,23.9,87.8
248,장수,2021-08-11,23.7,87.4
248,장수,2021-08-12,23.1,90.3
248,장수,2021-08-13,23,86.8
248,장수,2021-08-14,21.4,93.9
248,장수,2021-08-15,22.6,83.5
248,장수,2021-08-16,22.3,81.6
248,장수,2021-08-17,22.1,82.9
248,장수,2021-08-18,20.3,91.6
248,장수,2021-08-19,20.6,91.8
248,장수,2021-08-20,21.9,85.5
248,장수,2021-08-21,21.8,96.6
248,장수,2021-08-22,23.1,87.8
248,장수,2021-08-23,21.5,99.3
248,장수,2021-08-24,23.7,94.3
248,장수,2021-08-25,23.5,94.5
248,장수,2021-08-26,23.2,85.5
248,장수,2021-08-27,20.4,98.4
248,장수,2021-08-28,22,87.3
248,장수,2021-08-29,22.1,96.8
248,장수,2021-08-30,22.6,90.9
248,장수,2021-08-31,23.5,91.5
248,장수,2021-09-01,22.9,92.6
248,장수,2021-09-02,20.6,93.3
248,장수,2021-09-03,19.5,92.4
248,장수,2021-09-04,19.9,87.1
248,장수,2021-09-05,18.9,87.5
248,장수,2021-09-06,18.8,91.6
248,장수,2021-09-07,20.8,89.8
248,장수,2021-09-08,19.7,87.1
248,장수,2021-09-09,20.1,88
248,장수,2021-09-10,19.6,93.6
248,장수,2021-09-11,21.5,86.3
248,장수,2021-09-12,20.4,87.3
248,장수,2021-09-13,20,83.9
248,장수,2021-09-14,20.6,79.8
248,장수,2021-09-15,20.5,70.4
248,장수,2021-09-16,18.8,87.3
248,장수,2021-09-17,19.6,91
248,장수,2021-09-18,19.4,83.8
248,장수,2021-09-19,19,84.5
248,장수,2021-09-20,20,81.1
248,장수,2021-09-21,21.3,86
248,장수,2021-09-22,20.1,82.1
248,장수,2021-09-23,17.5,81.9
248,장수,2021-09-24,16.7,83.8
248,장수,2021-09-25,18.9,82.6
248,장수,2021-09-26,18.4,82
248,장수,2021-09-27,19,84.5
248,장수,2021-09-28,20,86.6
248,장수,2021-09-29,20.8,93
248,장수,2021-09-30,19.3,87.1
248,장수,2021-10-01,17.4,87.6
248,장수,2021-10-02,18,84.6
248,장수,2021-10-03,18.3,75.9
248,장수,2021-10-04,20.9,82.3
248,장수,2021-10-05,19.2,87
248,장수,2021-10-06,18.5,81.5
248,장수,2021-10-07,18.7,89
248,장수,2021-10-08,18.9,92.3
248,장수,2021-10-09,20.3,85
248,장수,2021-10-10,21.4,83.3
248,장수,2021-10-11,13.8,97.3
248,장수,2021-10-12,14.8,96.4
248,장수,2021-10-13,16.3,89.9
248,장수,2021-10-14,16.2,88.9
248,장수,2021-10-15,15.3,91.8
248,장수,2021-10-16,10.7,71.3
248,장수,2021-10-17,3.6,58.6
248,장수,2021-10-18,6.1,73.6
248,장수,2021-10-19,8.1,81.8
248,장수,2021-10-20,5.8,79.5
248,장수,2021-10-21,6.5,79.6
248,장수,2021-10-22,5.5,78.8
248,장수,2021-10-23,6.8,73.8
248,장수,2021-10-24,7.8,73.5
248,장수,2021-10-25,7.5,78.6
248,장수,2021-10-26,7.7,76.8
248,장수,2021-10-27,9,79.5
248,장수,2021-10-28,8,73.8
248,장수,2021-10-29,8.7,76.9
248,장수,2021-10-30,9.3,81.3
248,장수,2021-11-01,9.7,79.5
248,장수,2021-11-02,7.2,81.6
248,장수,2021-11-03,6.4,81
248,장수,2021-11-04,8.2,76.1
248,장수,2021-11-05,7.9,72
248,장수,2021-11-06,9.1,72.5
248,장수,2021-11-07,10.7,72.1
248,장수,2021-11-08,9.2,75.5
248,장수,2021-11-09,5.4,77.8
248,장수,2021-11-10,4.8,84
248,장수,2021-11-11,5,78.6
248,장수,2021-11-12,3.4,82.9
248,장수,2021-11-13,4.4,87.8
248,장수,2021-11-14,5.5,86.5
248,장수,2021-11-15,5.9,80.5
248,장수,2021-11-16,4.8,75.9
248,장수,2021-11-17,4.2,74.1
248,장수,2021-11-18,5.6,84.3
248,장수,2021-11-19,6.2,87.9
248,장수,2021-11-20,6.8,87.4
248,장수,2021-11-21,9.5,81.8
248,장수,2021-11-22,3.5,74.8
248,장수,2021-11-23,1,79.4
248,장수,2021-11-24,4.7,73.8
248,장수,2021-11-25,6.9,66.6
248,장수,2021-11-26,1.6,71.9
248,장수,2021-11-27,1.1,69.6
248,장수,2021-11-28,2.1,68.8
248,장수,2021-11-29,3,65.1
248,장수,2021-11-30,5.3,81.6
248,장수,2021-12-01,-1,64.8
248,장수,2021-12-02,.9,69.1
248,장수,2021-12-03,2.6,68.1
248,장수,2021-12-04,.6,76.6
248,장수,2021-12-05,.8,81.6
248,장수,2021-12-06,3.7,83.4
248,장수,2021-12-07,2,80.4
248,장수,2021-12-08,2.1,78.9
248,장수,2021-12-09,3,82.9
248,장수,2021-12-10,4.8,92.5
248,장수,2021-12-11,4.5,86
248,장수,2021-12-12,2.4,70.8
248,장수,2021-12-14,0,72.3
248,장수,2021-12-15,5.1,77.4
248,장수,2021-12-16,3.3,88.5
248,장수,2021-12-17,-3.2,58.9
248,장수,2021-12-18,-5.2,62.9
248,장수,2021-12-19,-1.4,75
248,장수,2021-12-20,5,65.8
248,장수,2021-12-21,4.2,75.5
248,장수,2021-12-22,0,71.9
248,장수,2021-12-23,-.7,72.1
248,장수,2021-12-24,.6,73.5
248,장수,2021-12-25,-8.6,55.8
248,장수,2021-12-26,-9.9,55.9
248,장수,2021-12-27,-4.9,69.4
248,장수,2021-12-28,.9,70.1
248,장수,2021-12-29,2.3,69
248,장수,2021-12-30,-2.2,62.1
248,장수,2021-12-31,-5.7,54.8
251,고창군,2021-01-01,-1.7,81.6
251,고창군,2021-01-02,-2,71.8
251,고창군,2021-01-03,-2.8,65.1
251,고창군,2021-01-04,-2,80.9
251,고창군,2021-01-05,-1.6,67.8
251,고창군,2021-01-06,-3.6,65
251,고창군,2021-01-07,-9.8,70.6
251,고창군,2021-01-08,-12.9,65.8
251,고창군,2021-01-09,-11,64.1
251,고창군,2021-01-10,-6.8,76.3
251,고창군,2021-01-11,-5.4,70.8
251,고창군,2021-01-12,-.8,76.3
251,고창군,2021-01-13,4,69.6
251,고창군,2021-01-14,4,76.8
251,고창군,2021-01-15,8.8,75
251,고창군,2021-01-16,-.6,64.5
251,고창군,2021-01-17,-2.8,66.8
251,고창군,2021-01-18,.2,73.6
251,고창군,2021-01-19,-4.2,54.6
251,고창군,2021-01-20,1.6,58.8
251,고창군,2021-01-21,8.4,77
251,고창군,2021-01-22,7.9,93.1
251,고창군,2021-01-23,7.5,93.1
251,고창군,2021-01-24,7.1,78.8
251,고창군,2021-01-25,6.5,74
251,고창군,2021-01-26,5.5,83.3
251,고창군,2021-01-27,2.7,58.1
251,고창군,2021-01-28,-.5,67.8
251,고창군,2021-01-29,-5.2,70.1
251,고창군,2021-01-30,1.7,72.3
251,고창군,2021-01-31,6,67.1
251,고창군,2021-02-01,8.2,81.3
251,고창군,2021-02-02,-2.4,54.1
251,고창군,2021-02-03,.3,51.5
251,고창군,2021-02-04,-.1,56.5
251,고창군,2021-02-05,1.7,49.3
251,고창군,2021-02-06,6.1,79.4
251,고창군,2021-02-07,5.5,69.6
251,고창군,2021-02-08,-1,51.5
251,고창군,2021-02-09,-.5,50.9
251,고창군,2021-02-10,2,72.6
251,고창군,2021-02-11,4.5,74.1
251,고창군,2021-02-12,6.6,57.5
251,고창군,2021-02-13,6.6,54.9
251,고창군,2021-02-14,8.6,70.4
251,고창군,2021-02-15,2.6,66.8
251,고창군,2021-02-16,-.6,61.1
251,고창군,2021-02-17,-4.8,69.9
251,고창군,2021-02-18,-2.6,64.9
251,고창군,2021-02-19,3.6,66.5
251,고창군,2021-02-20,10.6,66.1
251,고창군,2021-02-21,15.2,46.4
251,고창군,2021-02-22,9.9,63.6
251,고창군,2021-02-23,1.4,49.3
251,고창군,2021-02-24,1.6,52.4
251,고창군,2021-02-25,2.9,80.6
251,고창군,2021-02-26,8.5,62.4
251,고창군,2021-02-27,9,46.3
251,고창군,2021-02-28,7.2,69.5
251,고창군,2021-03-01,10.9,84.5
251,고창군,2021-03-02,3,75.6
251,고창군,2021-03-03,4.3,69.8
251,고창군,2021-03-04,7.2,74.6
251,고창군,2021-03-05,8.6,73.9
251,고창군,2021-03-06,6.5,84
251,고창군,2021-03-07,7.4,77.1
251,고창군,2021-03-08,6.6,71.4
251,고창군,2021-03-09,5.4,62
251,고창군,2021-03-10,7.3,64.8
251,고창군,2021-03-11,9.5,62.6
251,고창군,2021-03-12,7.8,86.6
251,고창군,2021-03-13,7.6,76.8
251,고창군,2021-03-14,7.3,76.8
251,고창군,2021-03-15,10.8,69.3
251,고창군,2021-03-16,8.6,66.9
251,고창군,2021-03-17,5.7,68
251,고창군,2021-03-18,9,67.6
251,고창군,2021-03-19,11.6,65.3
251,고창군,2021-03-20,8.3,86.9
251,고창군,2021-03-21,6.1,62.4
251,고창군,2021-03-22,6.4,57.5
251,고창군,2021-03-23,8.9,64.4
251,고창군,2021-03-24,10.6,57.3
251,고창군,2021-03-25,10.3,68.6
251,고창군,2021-03-26,10.8,66.6
251,고창군,2021-03-27,14.5,73.9
251,고창군,2021-03-28,10.8,83.8
251,고창군,2021-03-29,11.3,64.8
251,고창군,2021-03-30,11.3,51.6
251,고창군,2021-03-31,12.6,47.8
251,고창군,2021-04-01,15.4,41.6
251,고창군,2021-04-02,19.6,40
251,고창군,2021-04-03,16.7,76.6
251,고창군,2021-04-04,9.8,88.9
251,고창군,2021-04-05,9.7,63.4
251,고창군,2021-04-06,10.4,55.1
251,고창군,2021-04-07,11.4,58.1
251,고창군,2021-04-08,10.2,59.5
251,고창군,2021-04-09,10.9,50.6
251,고창군,2021-04-10,12.2,60.1
251,고창군,2021-04-11,14.2,48.8
251,고창군,2021-04-12,13.8,69.5
251,고창군,2021-04-13,8.9,76.9
251,고창군,2021-04-14,7.4,57.5
251,고창군,2021-04-15,9.8,52.3
251,고창군,2021-04-16,12.4,72.5
251,고창군,2021-04-17,9.1,65.5
251,고창군,2021-04-18,9.7,59
251,고창군,2021-04-19,10.9,64.8
251,고창군,2021-04-20,12.9,57
251,고창군,2021-04-21,17.1,50.4
251,고창군,2021-04-22,19.5,39.8
251,고창군,2021-04-23,21.8,28.6
251,고창군,2021-04-24,18.2,38.4
251,고창군,2021-04-25,15.5,63
251,고창군,2021-04-26,15.2,58.3
251,고창군,2021-04-27,16.2,53.4
251,고창군,2021-04-28,16,57.3
251,고창군,2021-04-29,16.3,49.5
251,고창군,2021-04-30,13.4,65.8
251,고창군,2021-05-01,9.8,79.1
251,고창군,2021-05-02,10.4,74.8
251,고창군,2021-05-03,13.9,68.3
251,고창군,2021-05-04,17.6,76
251,고창군,2021-05-05,12.8,64.1
251,고창군,2021-05-06,15.3,42.9
251,고창군,2021-05-07,15.1,52.6
251,고창군,2021-05-08,15.1,60.8
251,고창군,2021-05-09,15,51.8
251,고창군,2021-05-10,15.7,57.6
251,고창군,2021-05-11,18.9,62.8
251,고창군,2021-05-12,20.6,56.8
251,고창군,2021-05-13,20.4,64.6
251,고창군,2021-05-14,21.5,69.3
251,고창군,2021-05-15,22.3,81.4
251,고창군,2021-05-16,20.4,90.5
251,고창군,2021-05-17,14.9,92.1
251,고창군,2021-05-18,16.8,79.5
251,고창군,2021-05-19,19.4,66.5
251,고창군,2021-05-20,15.8,86
251,고창군,2021-05-21,15.8,79.8
251,고창군,2021-05-22,17.4,70.9
251,고창군,2021-05-23,19.8,67.6
251,고창군,2021-05-24,18.1,67.9
251,고창군,2021-05-25,15.9,66.4
251,고창군,2021-05-26,18.4,55.3
251,고창군,2021-05-27,15.7,79.8
251,고창군,2021-05-28,17.6,72.4
251,고창군,2021-05-29,17.8,67.1
251,고창군,2021-05-30,21.7,48.9
251,고창군,2021-05-31,21.8,53.5
251,고창군,2021-06-01,22.4,55.3
251,고창군,2021-06-02,23.2,56.9
251,고창군,2021-06-03,19.6,83.4
251,고창군,2021-06-04,18.2,69
251,고창군,2021-06-05,21.1,68.5
251,고창군,2021-06-06,22.9,54.6
251,고창군,2021-06-07,23,58.1
251,고창군,2021-06-08,23.9,66
251,고창군,2021-06-09,25,67.4
251,고창군,2021-06-10,23.6,64.6
251,고창군,2021-06-11,22.5,83.8
251,고창군,2021-06-12,22.4,81.3
251,고창군,2021-06-13,20.6,85.1
251,고창군,2021-06-14,21.6,85.4
251,고창군,2021-06-15,20.5,85.6
251,고창군,2021-06-16,23.7,66.6
251,고창군,2021-06-17,21.4,79.3
251,고창군,2021-06-18,20.7,89.1
251,고창군,2021-06-19,21.5,79.3
251,고창군,2021-06-20,22.9,62.1
251,고창군,2021-06-21,22.8,65.6
251,고창군,2021-06-22,22.9,71.3
251,고창군,2021-06-23,22.4,74.6
251,고창군,2021-06-24,22,78.1
251,고창군,2021-06-25,23.3,74.5
251,고창군,2021-06-26,23.6,72.8
251,고창군,2021-06-27,23.8,71
251,고창군,2021-06-28,23.5,77.5
251,고창군,2021-06-29,22.8,80
251,고창군,2021-06-30,24,75.3
251,고창군,2021-07-01,24.8,75.3
251,고창군,2021-07-02,25.1,77.9
251,고창군,2021-07-03,23.9,80.4
251,고창군,2021-07-04,22.2,87.5
251,고창군,2021-07-05,21.6,87.5
251,고창군,2021-07-06,23.3,91.5
251,고창군,2021-07-07,25.2,91.9
251,고창군,2021-07-08,24.6,89.6
251,고창군,2021-07-09,25.7,82.6
251,고창군,2021-07-10,26.3,79.1
251,고창군,2021-07-11,26.6,80.3
251,고창군,2021-07-12,28,76.4
251,고창군,2021-07-13,28.5,71.3
251,고창군,2021-07-14,28,74.4
251,고창군,2021-07-15,28.4,70.6
251,고창군,2021-07-16,26.4,78.4
251,고창군,2021-07-17,25.2,80.4
251,고창군,2021-07-18,26.5,74.4
251,고창군,2021-07-19,26.8,75.6
251,고창군,2021-07-20,27.1,76.1
251,고창군,2021-07-21,28.5,68.5
251,고창군,2021-07-22,27.5,69.3
251,고창군,2021-07-23,28.2,69
251,고창군,2021-07-24,28.6,66.9
251,고창군,2021-07-25,28.7,59.1
251,고창군,2021-07-26,28.4,63
251,고창군,2021-07-27,28.4,65.3
251,고창군,2021-07-28,27.9,71.8
251,고창군,2021-07-29,27.6,76.4
251,고창군,2021-07-30,27.1,75.6
251,고창군,2021-07-31,28,75.8
251,고창군,2021-08-01,26.9,81.8
251,고창군,2021-08-02,25.7,87.4
251,고창군,2021-08-03,26.6,81.5
251,고창군,2021-08-04,27.5,78.3
251,고창군,2021-08-05,28.2,75.9
251,고창군,2021-08-06,27.5,76.1
251,고창군,2021-08-07,26.7,72.9
251,고창군,2021-08-08,25.7,83.1
251,고창군,2021-08-09,26.7,73.4
251,고창군,2021-08-10,26.7,74.5
251,고창군,2021-08-11,26.7,72.8
251,고창군,2021-08-12,25.1,81.9
251,고창군,2021-08-13,25.3,81.5
251,고창군,2021-08-14,23.9,84.5
251,고창군,2021-08-15,25.3,76.9
251,고창군,2021-08-16,26,68.6
251,고창군,2021-08-17,25.2,72.1
251,고창군,2021-08-18,23.1,82.4
251,고창군,2021-08-19,22.7,82.1
251,고창군,2021-08-20,25.3,71.8
251,고창군,2021-08-21,24.8,84.5
251,고창군,2021-08-22,25.2,81.3
251,고창군,2021-08-23,24.1,88.6
251,고창군,2021-08-24,25.4,87.8
251,고창군,2021-08-25,25.1,86.8
251,고창군,2021-08-26,25.6,81.3
251,고창군,2021-08-27,21.9,89.3
251,고창군,2021-08-28,23.7,78.9
251,고창군,2021-08-29,22.3,86.9
251,고창군,2021-08-30,23.4,83.9
251,고창군,2021-08-31,25.6,80.4
251,고창군,2021-09-01,24.4,83.8
251,고창군,2021-09-02,21.9,83
251,고창군,2021-09-03,22.9,80.8
251,고창군,2021-09-04,23.7,70.1
251,고창군,2021-09-05,21.5,75.5
251,고창군,2021-09-06,21,74.3
251,고창군,2021-09-07,22.5,78.3
251,고창군,2021-09-08,21.7,76.4
251,고창군,2021-09-09,22.4,77.8
251,고창군,2021-09-10,22.3,80.6
251,고창군,2021-09-11,23.5,77.4
251,고창군,2021-09-12,23.6,76.4
251,고창군,2021-09-13,24,63.3
251,고창군,2021-09-14,22.2,73.3
251,고창군,2021-09-15,23.9,55.6
251,고창군,2021-09-16,22.3,65.1
251,고창군,2021-09-17,21.5,78.5
251,고창군,2021-09-18,21.5,76.4
251,고창군,2021-09-19,22.6,75.1
251,고창군,2021-09-20,24,65
251,고창군,2021-09-21,22.4,79.3
251,고창군,2021-09-22,22.5,76.3
251,고창군,2021-09-23,19.9,69.4
251,고창군,2021-09-24,20.3,71.4
251,고창군,2021-09-25,21.5,70.9
251,고창군,2021-09-26,22,69.1
251,고창군,2021-09-27,22.7,64.9
251,고창군,2021-09-28,22.2,74.6
251,고창군,2021-09-29,22,83.1
251,고창군,2021-09-30,21.3,79.3
251,고창군,2021-10-01,20.5,78
251,고창군,2021-10-02,21.5,77.5
251,고창군,2021-10-03,23.8,63.8
251,고창군,2021-10-04,24.8,68.1
251,고창군,2021-10-05,23.4,71.4
251,고창군,2021-10-06,21.6,71.8
251,고창군,2021-10-07,21,80
251,고창군,2021-10-08,20.1,83
251,고창군,2021-10-09,23.4,71.4
251,고창군,2021-10-10,24.1,71.3
251,고창군,2021-10-11,13.9,81.8
251,고창군,2021-10-12,16,88.1
251,고창군,2021-10-13,19.3,79.5
251,고창군,2021-10-14,20.7,74.9
251,고창군,2021-10-15,17.9,81.9
251,고창군,2021-10-16,12.9,64.3
251,고창군,2021-10-17,6.8,49.4
251,고창군,2021-10-18,9.6,60.3
251,고창군,2021-10-19,10.9,76.3
251,고창군,2021-10-20,9,65.3
251,고창군,2021-10-21,9.4,71.9
251,고창군,2021-10-22,10.2,59.8
251,고창군,2021-10-23,10.7,62.3
251,고창군,2021-10-24,11,69
251,고창군,2021-10-25,10.9,74.6
251,고창군,2021-10-26,11.4,73.5
251,고창군,2021-10-27,12.1,73.3
251,고창군,2021-10-28,11.2,67.6
251,고창군,2021-10-29,13.7,64
251,고창군,2021-10-30,13.8,65.6
251,고창군,2021-10-31,12.9,74.4
251,고창군,2021-11-01,12.9,78.3
251,고창군,2021-11-02,10.7,75.6
251,고창군,2021-11-03,10.2,75.4
251,고창군,2021-11-04,12.5,79.9
251,고창군,2021-11-05,12.3,75.1
251,고창군,2021-11-06,14,58.5
251,고창군,2021-11-07,15.7,56
251,고창군,2021-11-08,11,76.5
251,고창군,2021-11-09,8.3,71.5
251,고창군,2021-11-10,7.2,94.1
251,고창군,2021-11-11,7.2,90.3
251,고창군,2021-11-12,6.2,89.4
251,고창군,2021-11-13,8.1,79.8
251,고창군,2021-11-14,10.4,72.1
251,고창군,2021-11-15,9.2,78.5
251,고창군,2021-11-16,8.2,73.9
251,고창군,2021-11-17,7.8,75.6
251,고창군,2021-11-18,9.3,78.6
251,고창군,2021-11-19,10.3,85.3
251,고창군,2021-11-20,8.5,91.3
251,고창군,2021-11-21,10.8,85.8
251,고창군,2021-11-22,6.2,78
251,고창군,2021-11-23,3.4,92.8
251,고창군,2021-11-24,7.2,73.5
251,고창군,2021-11-25,9,71.3
251,고창군,2021-11-26,4.9,68.1
251,고창군,2021-11-27,4,66.6
251,고창군,2021-11-28,5.6,64.9
251,고창군,2021-11-29,7.9,64.4
251,고창군,2021-11-30,9.4,85.6
251,고창군,2021-12-01,1.8,83.5
251,고창군,2021-12-02,4,66.8
251,고창군,2021-12-03,5.2,70.9
251,고창군,2021-12-04,3.4,72
251,고창군,2021-12-05,2.8,70.5
251,고창군,2021-12-06,6.2,72.9
251,고창군,2021-12-07,5.1,76.9
251,고창군,2021-12-08,5.4,78.5
251,고창군,2021-12-09,8.1,70.6
251,고창군,2021-12-10,10.2,76
251,고창군,2021-12-11,7,82.3
251,고창군,2021-12-12,4.9,69.5
251,고창군,2021-12-13,-.6,57
251,고창군,2021-12-14,3.4,69.9
251,고창군,2021-12-15,7.8,75.1
251,고창군,2021-12-16,7,86.9
251,고창군,2021-12-17,-.8,72.3
251,고창군,2021-12-18,-3,68.3
251,고창군,2021-12-19,2.5,69.3
251,고창군,2021-12-20,7.1,65.9
251,고창군,2021-12-21,5.7,82.6
251,고창군,2021-12-22,2.4,66.4
251,고창군,2021-12-23,3,58.9
251,고창군,2021-12-24,2.5,66.6
251,고창군,2021-12-25,-5.9,74.9
251,고창군,2021-12-26,-7.1,62.5
251,고창군,2021-12-27,-3.7,66.6
251,고창군,2021-12-28,2.3,73
251,고창군,2021-12-29,3.9,69.1
251,고창군,2021-12-30,.7,65.9
251,고창군,2021-12-31,-3.2,68.6
254,순창군,2021-01-01,-3.8,90
254,순창군,2021-01-02,-2,72.9
254,순창군,2021-01-03,-3,72.9
254,순창군,2021-01-04,-1.7,79.9
254,순창군,2021-01-05,-1.6,68.6
254,순창군,2021-01-06,-4.3,73
254,순창군,2021-01-07,-10.7,75.6
254,순창군,2021-01-08,-14.3,74
254,순창군,2021-01-09,-12.4,71.9
254,순창군,2021-01-10,-9.2,81.1
254,순창군,2021-01-11,-5.2,85.5
254,순창군,2021-01-12,-4.1,82.8
254,순창군,2021-01-13,1.3,80.8
254,순창군,2021-01-14,3,82.5
254,순창군,2021-01-15,5.8,81.8
254,순창군,2021-01-16,-.9,67.9
254,순창군,2021-01-17,-2.8,64.5
254,순창군,2021-01-18,-.8,83.3
254,순창군,2021-01-19,-3.8,63.8
254,순창군,2021-01-20,-1.2,73.4
254,순창군,2021-01-21,4.8,86.3
254,순창군,2021-01-22,8.1,97.3
254,순창군,2021-01-23,9.6,83
254,순창군,2021-01-24,7.7,70.3
254,순창군,2021-01-25,6.6,72.9
254,순창군,2021-01-26,5.4,90.3
254,순창군,2021-01-27,4.2,50.1
254,순창군,2021-01-28,-.8,80
254,순창군,2021-01-29,-5.2,67.8
254,순창군,2021-01-30,-.8,81.6
254,순창군,2021-01-31,3.9,80.8
254,순창군,2021-02-01,7.8,85.6
254,순창군,2021-02-02,-2.3,48.1
254,순창군,2021-02-03,-1,56
254,순창군,2021-02-04,.2,61.9
254,순창군,2021-02-05,.3,62.4
254,순창군,2021-02-06,3,78.4
254,순창군,2021-02-07,5.4,70
254,순창군,2021-02-08,-1,50.8
254,순창군,2021-02-09,-.3,57
254,순창군,2021-02-10,1.2,74.6
254,순창군,2021-02-11,4.1,71.1
254,순창군,2021-02-12,6.3,58.3
254,순창군,2021-02-13,7.1,57.1
254,순창군,2021-02-14,9.2,68.1
254,순창군,2021-02-15,3.3,72.6
254,순창군,2021-02-16,-.7,64.1
254,순창군,2021-02-17,-5.8,85
254,순창군,2021-02-18,-3.9,76.5
254,순창군,2021-02-19,1.3,74.6
254,순창군,2021-02-20,7.7,78.1
254,순창군,2021-02-21,11.1,66.9
254,순창군,2021-02-22,8.2,70
254,순창군,2021-02-23,2.7,43.8
254,순창군,2021-02-24,2.4,55.3
254,순창군,2021-02-25,2.7,89.9
254,순창군,2021-02-26,9.3,60.9
254,순창군,2021-02-27,8.8,52.1
254,순창군,2021-02-28,7.6,77.8
254,순창군,2021-03-01,11,94.1
254,순창군,2021-03-02,3.6,80.1
254,순창군,2021-03-03,3.8,76.3
254,순창군,2021-03-04,5.2,91.4
254,순창군,2021-03-05,9.1,76.4
254,순창군,2021-03-06,9.4,71.8
254,순창군,2021-03-07,8.1,70.1
254,순창군,2021-03-08,8,71.8
254,순창군,2021-03-09,7.5,60.4
254,순창군,2021-03-10,8.8,59.6
254,순창군,2021-03-11,10.4,63.1
254,순창군,2021-03-12,8.9,87
254,순창군,2021-03-13,7.7,79.9
254,순창군,2021-03-14,7.7,76
254,순창군,2021-03-15,10.3,74.4
254,순창군,2021-03-16,10.4,66.6
254,순창군,2021-03-17,9.1,59.5
254,순창군,2021-03-18,10.7,67.1
254,순창군,2021-03-19,13.3,62
254,순창군,2021-03-20,9.3,93.6
254,순창군,2021-03-21,6.1,67.3
254,순창군,2021-03-22,6.3,53.8
254,순창군,2021-03-23,7.5,64.5
254,순창군,2021-03-24,8.5,66.4
254,순창군,2021-03-25,11.2,62.1
254,순창군,2021-03-26,13.2,50.9
254,순창군,2021-03-27,13.2,84.3
254,순창군,2021-03-28,12.3,82.1
254,순창군,2021-03-29,12.3,56.3
254,순창군,2021-03-30,12.4,48.6
254,순창군,2021-03-31,13.2,53.9
254,순창군,2021-04-01,15,47.3
254,순창군,2021-04-02,18.5,48.5
254,순창군,2021-04-03,16.1,88.5
254,순창군,2021-04-04,11.7,93.9
254,순창군,2021-04-05,11,62.3
254,순창군,2021-04-06,10.8,56.6
254,순창군,2021-04-07,12.7,51.1
254,순창군,2021-04-08,11.5,48.5
254,순창군,2021-04-09,11.7,57.6
254,순창군,2021-04-10,11.6,64.4
254,순창군,2021-04-11,13.8,51.1
254,순창군,2021-04-12,12.5,83
254,순창군,2021-04-13,10,75.3
254,순창군,2021-04-14,8.4,51
254,순창군,2021-04-15,9.8,52.9
254,순창군,2021-04-16,10.9,75.6
254,순창군,2021-04-17,10,59.5
254,순창군,2021-04-18,9.9,55
254,순창군,2021-04-19,10.8,59.4
254,순창군,2021-04-20,14.5,55.6
254,순창군,2021-04-21,18,49.5
254,순창군,2021-04-22,18.2,49.5
254,순창군,2021-04-23,20.2,34.3
254,순창군,2021-04-24,18,42.9
254,순창군,2021-04-25,16.8,57.9
254,순창군,2021-04-26,15.1,58
254,순창군,2021-04-27,15,62.3
254,순창군,2021-04-28,16.8,57.6
254,순창군,2021-04-29,16.2,50.1
254,순창군,2021-04-30,14.3,56.1
254,순창군,2021-05-01,10.1,77.1
254,순창군,2021-05-02,11.1,72.1
254,순창군,2021-05-03,14.1,62.4
254,순창군,2021-05-04,16.5,85.8
254,순창군,2021-05-05,13.9,59.9
254,순창군,2021-05-06,13.8,57.6
254,순창군,2021-05-07,13.7,65.9
254,순창군,2021-05-08,14.7,65.1
254,순창군,2021-05-09,15.4,55.3
254,순창군,2021-05-10,15.9,59.3
254,순창군,2021-05-11,18.3,60
254,순창군,2021-05-12,20.7,55.6
254,순창군,2021-05-13,22.1,67
254,순창군,2021-05-14,22.3,68
254,순창군,2021-05-15,21.1,93.1
254,순창군,2021-05-16,21.1,95.9
254,순창군,2021-05-17,16.3,94.1
254,순창군,2021-05-18,17.7,79.1
254,순창군,2021-05-19,19.4,70.5
254,순창군,2021-05-20,16.1,92.1
254,순창군,2021-05-21,15.7,79.8
254,순창군,2021-05-22,18.1,70.6
254,순창군,2021-05-23,20.7,69.5
254,순창군,2021-05-24,19.1,66.4
254,순창군,2021-05-25,15.5,69.8
254,순창군,2021-05-26,17.1,64.3
254,순창군,2021-05-27,15.7,85.5
254,순창군,2021-05-28,17,75.6
254,순창군,2021-05-29,17.8,70.9
254,순창군,2021-05-30,20.4,61.9
254,순창군,2021-05-31,20.8,67.9
254,순창군,2021-06-01,21.6,63.3
254,순창군,2021-06-02,22,66.9
254,순창군,2021-06-03,18.5,95.3
254,순창군,2021-06-04,19.1,65.1
254,순창군,2021-06-05,19.6,78.9
254,순창군,2021-06-06,21.8,65.8
254,순창군,2021-06-07,22.5,66.1
254,순창군,2021-06-08,24.2,66.8
254,순창군,2021-06-09,24.6,66.5
254,순창군,2021-06-10,22.8,73.9
254,순창군,2021-06-11,23.4,81.8
254,순창군,2021-06-12,24.9,76.1
254,순창군,2021-06-13,24.1,77.5
254,순창군,2021-06-14,23.4,77.5
254,순창군,2021-06-15,20.5,89.1
254,순창군,2021-06-16,22.8,68.5
254,순창군,2021-06-17,21.5,80.9
254,순창군,2021-06-18,20.9,91.3
254,순창군,2021-06-19,22.4,78.6
254,순창군,2021-06-20,23,67.5
254,순창군,2021-06-21,22.7,64.3
254,순창군,2021-06-22,22.8,72
254,순창군,2021-06-23,22.3,80.9
254,순창군,2021-06-24,22.7,76.3
254,순창군,2021-06-25,23.6,75.5
254,순창군,2021-06-26,23.4,77.3
254,순창군,2021-06-27,23.8,76.9
254,순창군,2021-06-28,23.4,80.6
254,순창군,2021-06-29,22.8,85.5
254,순창군,2021-06-30,23.2,84.6
254,순창군,2021-07-01,25.3,77
254,순창군,2021-07-02,26.4,75.1
254,순창군,2021-07-03,23.4,87.3
254,순창군,2021-07-04,23.2,85.5
254,순창군,2021-07-05,21.7,93
254,순창군,2021-07-06,23.1,96.4
254,순창군,2021-07-07,25.5,94.1
254,순창군,2021-07-08,25.8,86.1
254,순창군,2021-07-09,26.2,82.5
254,순창군,2021-07-11,26.4,82.1
254,순창군,2021-07-12,28,79.4
254,순창군,2021-07-13,28.5,72.5
254,순창군,2021-07-14,27.8,78.5
254,순창군,2021-07-15,25.8,86.5
254,순창군,2021-07-16,25.3,84.9
254,순창군,2021-07-17,25.7,79.6
254,순창군,2021-07-18,26.3,79.1
254,순창군,2021-07-19,26.7,78.8
254,순창군,2021-07-20,26.7,82.6
254,순창군,2021-07-21,27.7,73.4
254,순창군,2021-07-22,27.5,73
254,순창군,2021-07-23,27.9,73.3
254,순창군,2021-07-24,28.2,73.4
254,순창군,2021-07-25,27.5,70.4
254,순창군,2021-07-26,27.7,70.9
254,순창군,2021-07-27,27.9,71.5
254,순창군,2021-07-28,29.2,69.5
254,순창군,2021-07-29,28.7,72.3
254,순창군,2021-07-30,28.1,74.9
254,순창군,2021-07-31,28.9,76.3
254,순창군,2021-08-01,27.2,85.1
254,순창군,2021-08-02,26.6,90
254,순창군,2021-08-03,26.6,86.8
254,순창군,2021-08-04,27.7,81.3
254,순창군,2021-08-05,28.7,77.5
254,순창군,2021-08-06,28,77.6
254,순창군,2021-08-07,27.9,75.8
254,순창군,2021-08-08,26.8,80.9
254,순창군,2021-08-09,27.2,74.1
254,순창군,2021-08-10,26.1,81.4
254,순창군,2021-08-11,26.3,79.4
254,순창군,2021-08-12,26.1,80.5
254,순창군,2021-08-13,25.6,82.3
254,순창군,2021-08-14,24.5,81.1
254,순창군,2021-08-15,25.9,73.8
254,순창군,2021-08-16,26.1,67.4
254,순창군,2021-08-17,25.6,71.9
254,순창군,2021-08-18,23.7,84.6
254,순창군,2021-08-19,22.9,85
254,순창군,2021-08-20,24.8,74.9
254,순창군,2021-08-21,24.5,89.6
254,순창군,2021-08-22,25.3,82.9
254,순창군,2021-08-23,23.6,95.8
254,순창군,2021-08-24,25.1,91.8
254,순창군,2021-08-25,25.2,92.1
254,순창군,2021-08-26,25.5,84
254,순창군,2021-08-27,22.6,96.9
254,순창군,2021-08-28,24.5,82.4
254,순창군,2021-08-29,24.6,91.8
254,순창군,2021-08-30,25.3,85.6
254,순창군,2021-08-31,26,82.9
254,순창군,2021-09-01,24.6,87.8
254,순창군,2021-09-02,22.1,88.6
254,순창군,2021-09-03,22,85.5
254,순창군,2021-09-04,22.8,80.9
254,순창군,2021-09-05,20.9,85.5
254,순창군,2021-09-06,19.5,96.9
254,순창군,2021-09-07,21.2,94.4
254,순창군,2021-09-08,21.4,85.1
254,순창군,2021-09-09,21.7,86.6
254,순창군,2021-09-10,21.6,91.8
254,순창군,2021-09-11,23.9,81.1
254,순창군,2021-09-12,24.2,82
254,순창군,2021-09-13,23.4,75.1
254,순창군,2021-09-14,22.9,71.6
254,순창군,2021-09-15,24.1,57
254,순창군,2021-09-16,21.7,75.1
254,순창군,2021-09-17,22.7,78.3
254,순창군,2021-09-18,22.5,78.9
254,순창군,2021-09-19,22.7,78
254,순창군,2021-09-20,23.1,75.5
254,순창군,2021-09-21,22.5,86.4
254,순창군,2021-09-22,21.6,81.5
254,순창군,2021-09-23,19.3,79.3
254,순창군,2021-09-24,19.1,80.4
254,순창군,2021-09-25,20.8,78.4
254,순창군,2021-09-26,21.7,71.8
254,순창군,2021-09-27,22.1,72.9
254,순창군,2021-09-28,22.1,82
254,순창군,2021-09-29,21.9,95.1
254,순창군,2021-09-30,22.1,78.5
254,순창군,2021-10-01,20.7,84.6
254,순창군,2021-10-02,20.6,84
254,순창군,2021-10-03,21.4,75.4
254,순창군,2021-10-04,23.9,76.1
254,순창군,2021-10-05,21.7,83.6
254,순창군,2021-10-06,21.1,81.3
254,순창군,2021-10-07,20.6,89.3
254,순창군,2021-10-08,20.8,88.3
254,순창군,2021-10-09,22.9,78.6
254,순창군,2021-10-10,22.8,86.1
254,순창군,2021-10-11,15.6,93.4
254,순창군,2021-10-12,17,90.5
254,순창군,2021-10-13,19.5,81.1
254,순창군,2021-10-14,19.6,84.3
254,순창군,2021-10-15,17.6,90.6
254,순창군,2021-10-16,12.8,68
254,순창군,2021-10-17,6.5,50.4
254,순창군,2021-10-18,8.7,71.1
254,순창군,2021-10-19,10.4,78.5
254,순창군,2021-10-20,8.4,73.9
254,순창군,2021-10-21,8.5,79.8
254,순창군,2021-10-22,8.1,74.9
254,순창군,2021-10-23,9.3,72.1
254,순창군,2021-10-24,9.9,74.3
254,순창군,2021-10-25,10.1,78.8
254,순창군,2021-10-26,10,78.5
254,순창군,2021-10-27,11.6,77.3
254,순창군,2021-10-28,10.6,72.5
254,순창군,2021-10-29,11,75.6
254,순창군,2021-10-30,11.1,84.9
254,순창군,2021-10-31,11.4,82.5
254,순창군,2021-11-01,12,82.4
254,순창군,2021-11-02,9.2,82.5
254,순창군,2021-11-03,8.8,80.3
254,순창군,2021-11-04,10.8,77
254,순창군,2021-11-05,10.3,82.1
254,순창군,2021-11-06,11.9,70.9
254,순창군,2021-11-07,13.4,71.5
254,순창군,2021-11-08,10.9,77.3
254,순창군,2021-11-09,6.6,85.9
254,순창군,2021-11-10,6.4,96.5
254,순창군,2021-11-11,6.8,90.5
254,순창군,2021-11-12,4.3,97.3
254,순창군,2021-11-13,6.3,90.1
254,순창군,2021-11-14,7.3,86.5
254,순창군,2021-11-15,7.4,86.9
254,순창군,2021-11-16,6.8,81.3
254,순창군,2021-11-17,6.3,77.5
254,순창군,2021-11-18,7.6,83.5
254,순창군,2021-11-19,8.4,89.8
254,순창군,2021-11-20,8.7,93.3
254,순창군,2021-11-21,9.7,90.3
254,순창군,2021-11-22,5.5,79.6
254,순창군,2021-11-23,2.2,92.6
254,순창군,2021-11-24,4.7,87.8
254,순창군,2021-11-25,6.1,79.8
254,순창군,2021-11-26,3.8,72.5
254,순창군,2021-11-27,3.3,72.8
254,순창군,2021-11-28,3.9,74.8
254,순창군,2021-11-29,5,73.6
254,순창군,2021-11-30,6.8,87.1
254,순창군,2021-12-01,.6,81.6
254,순창군,2021-12-02,1.5,81.4
254,순창군,2021-12-03,3.7,74.6
254,순창군,2021-12-04,1.5,77.4
254,순창군,2021-12-05,2,84.3
254,순창군,2021-12-06,6.2,78.1
254,순창군,2021-12-07,4.8,80.3
254,순창군,2021-12-08,3.9,82
254,순창군,2021-12-09,4.4,84.6
254,순창군,2021-12-10,7.5,87.3
254,순창군,2021-12-11,5.7,87.5
254,순창군,2021-12-12,4.9,69.6
254,순창군,2021-12-13,-1,56.1
254,순창군,2021-12-14,.5,75.9
254,순창군,2021-12-15,4.9,82.9
254,순창군,2021-12-16,5,91.9
254,순창군,2021-12-17,-1.3,75.8
254,순창군,2021-12-18,-3.9,70.6
254,순창군,2021-12-19,.3,80.6
254,순창군,2021-12-20,2.7,81.9
254,순창군,2021-12-21,3.7,86.3
254,순창군,2021-12-22,1.9,71.4
254,순창군,2021-12-23,1.4,70.9
254,순창군,2021-12-24,1.1,78.3
254,순창군,2021-12-25,-5.6,60.4
254,순창군,2021-12-26,-6.9,59.5
254,순창군,2021-12-27,-3.7,73
254,순창군,2021-12-28,1.6,74
254,순창군,2021-12-29,2.8,72
254,순창군,2021-12-30,.4,67.4
254,순창군,2021-12-31,-4.1,69.8
